withdrawal_id,transaction_id,complaint_ack_id,atm_id,bank_name,amount,withdrawal_timestamp,lag_hours_post_incident,atm_latitude,atm_longitude,withdrawal_latitude,withdrawal_longitude,risk_level
WTH_50000,TXN_100001,ACK20260900001,ATM_0025,HDFC Bank,50790.97,2026-08-07T12:19:18,0.5,24.244189,86.658957,24.242645,86.66228,HIGH
WTH_50001,TXN_100004,ACK20260900002,ATM_0116,HDFC Bank,27355.31,2026-08-26T11:59:51.875463,1.01,24.158271,86.817317,24.161802,86.818127,HIGH
WTH_50002,TXN_100007,ACK20260900003,ATM_0066,Bank of Baroda,36034.13,2026-08-05T22:29:15.104082,10.84,17.322973,78.489443,17.323728,78.492746,MEDIUM
WTH_50003,TXN_100009,ACK20260900004,ATM_0053,Axis Bank,8255.41,2026-08-22T04:39:23.732283,1.0,24.203797,86.832324,24.206331,86.830909,HIGH
WTH_50004,TXN_100011,ACK20260900005,ATM_0027,State Bank of India,117161.36,2026-08-17T23:11:38.085890,2.25,22.540108,88.39326,22.540069,88.391395,HIGH
WTH_50005,TXN_100014,ACK20260900006,ATM_0111,Bank of Baroda,283271.86,2026-08-05T16:17:41.129054,1.99,22.683704,88.274271,22.686969,88.271411,HIGH
WTH_50006,TXN_100017,ACK20260900007,ATM_0046,Bank of Baroda,35621.53,2026-08-15T19:26:08.238459,1.64,24.224466,86.877492,24.224583,86.882188,HIGH
WTH_50007,TXN_100019,ACK20260900008,ATM_0091,State Bank of India,197235.49,2026-08-12T18:44:19.946146,0.62,28.643932,77.167856,28.64433,77.166656,HIGH
WTH_50008,TXN_100022,ACK20260900009,ATM_0059,ICICI Bank,43439.1,2026-08-10T11:33:22.418738,9.86,17.383612,78.439953,17.379817,78.442514,MEDIUM
WTH_50009,TXN_100025,ACK20260900010,ATM_0033,Union Bank of India,40991.07,2026-08-08T04:43:36.060943,2.76,28.058502,77.097649,28.058198,77.098826,HIGH
WTH_50010,TXN_100028,ACK20260900011,ATM_0012,HDFC Bank,268989.23,2026-08-14T21:50:56,0.5,28.004862,76.897418,28.006632,76.896489,HIGH
WTH_50011,TXN_100031,ACK20260900012,ATM_0117,Punjab National Bank,24536.24,2026-08-30T06:27:58.758146,4.18,28.003281,76.953085,28.00508,76.9537,MEDIUM
WTH_50012,TXN_100034,ACK20260900013,ATM_0043,HDFC Bank,41211.15,2026-08-15T09:50:25.806665,1.16,19.037192,72.853616,19.038295,72.852196,HIGH
WTH_50013,TXN_100037,ACK20260900014,ATM_0054,Union Bank of India,47618.92,2026-08-27T18:56:54.226742,5.24,28.135805,77.01257,28.136899,77.012166,MEDIUM
WTH_50014,TXN_100040,ACK20260900015,ATM_0117,Punjab National Bank,34713.27,2026-08-11T00:01:27.287428,4.86,28.003281,76.953085,28.002465,76.953608,MEDIUM
WTH_50015,TXN_100043,ACK20260900016,ATM_0109,ICICI Bank,47743.11,2026-08-23T10:24:44.790225,6.13,24.154874,86.781055,24.156238,86.780434,MEDIUM
WTH_50016,TXN_100045,ACK20260900017,ATM_0025,HDFC Bank,14254.15,2026-08-25T18:17:28.164205,10.53,24.244189,86.658957,24.248014,86.661087,MEDIUM
WTH_50017,TXN_100048,ACK20260900018,ATM_0104,Bank of Baroda,204689.41,2026-08-07T20:15:49.927815,1.39,22.597322,88.388562,22.599638,88.390145,HIGH
WTH_50018,TXN_100051,ACK20260900019,ATM_0012,HDFC Bank,250168.13,2026-08-14T15:28:03,0.5,28.004862,76.897418,28.003464,76.8974,HIGH
WTH_50019,TXN_100054,ACK20260900020,ATM_0087,Canara Bank,51689.53,2026-08-02T11:15:41.395169,7.65,17.381916,78.500346,17.380265,78.499703,MEDIUM
WTH_50020,TXN_100056,ACK20260900021,ATM_0089,HDFC Bank,21374.15,2026-08-13T06:08:54.611565,3.37,28.000936,77.104654,28.000069,77.105062,MEDIUM
WTH_50021,TXN_100059,ACK20260900022,ATM_0033,Union Bank of India,67062.67,2026-08-27T01:44:01,0.5,28.058502,77.097649,28.055606,77.094834,HIGH
WTH_50022,TXN_100062,ACK20260900023,ATM_0085,Canara Bank,31874.08,2026-08-03T02:59:54.656010,5.25,19.064221,72.841521,19.060147,72.844661,MEDIUM
WTH_50023,TXN_100065,ACK20260900024,ATM_0067,State Bank of India,175688.51,2026-08-05T19:10:01.665057,2.21,24.131716,86.837887,24.132361,86.836233,HIGH
WTH_50024,TXN_100068,ACK20260900025,ATM_0086,Union Bank of India,59241.4,2026-08-22T09:36:16.474635,11.46,12.936019,77.561968,12.933128,77.56028,MEDIUM
WTH_50025,TXN_100070,ACK20260900026,ATM_0115,Axis Bank,431547.52,2026-08-28T19:00:30.163339,11.56,17.356388,78.513884,17.356836,78.513909,MEDIUM
WTH_50026,TXN_100073,ACK20260900027,ATM_0049,ICICI Bank,44174.64,2026-08-12T08:28:32.047788,12.19,28.628114,77.221531,28.632666,77.222343,LOW
WTH_50027,TXN_100076,ACK20260900028,ATM_0075,Bank of Baroda,18753.6,2026-08-10T04:20:23.694580,3.46,28.03758,77.021383,28.039325,77.02175,MEDIUM
WTH_50028,TXN_100078,ACK20260900029,ATM_0045,Union Bank of India,298797.11,2026-08-21T12:40:29.405091,1.14,17.36381,78.507231,17.363495,78.504521,HIGH
WTH_50029,TXN_100081,ACK20260900030,ATM_0053,Axis Bank,157502.57,2026-08-28T08:38:09,0.5,24.203797,86.832324,24.204481,86.836076,HIGH
WTH_50030,TXN_100084,ACK20260900031,ATM_0120,State Bank of India,75639.55,2026-08-09T20:05:05.552754,4.04,19.044234,72.918617,19.045718,72.92157,MEDIUM
WTH_50031,TXN_100087,ACK20260900032,ATM_0080,Axis Bank,4761.95,2026-08-02T10:11:52.943989,7.04,17.337348,78.512962,17.339707,78.512024,MEDIUM
WTH_50032,TXN_100090,ACK20260900033,ATM_0094,Canara Bank,81484.31,2026-08-23T03:31:46.727785,12.26,17.40393,78.483787,17.404481,78.484344,LOW
WTH_50033,TXN_100093,ACK20260900034,ATM_0102,State Bank of India,27284.61,2026-08-30T05:10:13.300041,1.12,24.303344,86.884304,24.303354,86.884398,HIGH
WTH_50034,TXN_100096,ACK20260900035,ATM_0098,Punjab National Bank,7575.95,2026-08-11T00:19:39.218025,2.1,28.622213,77.227495,28.619476,77.228566,HIGH
WTH_50035,TXN_100099,ACK20260900036,ATM_0013,ICICI Bank,28222.06,2026-08-29T18:55:09.097825,1.55,22.54647,88.369224,22.547135,88.367727,HIGH
WTH_50036,TXN_100101,ACK20260900037,ATM_0086,Union Bank of India,14596.84,2026-08-31T09:21:21.304241,2.57,12.936019,77.561968,12.936359,77.564274,HIGH
WTH_50037,TXN_100104,ACK20260900038,ATM_0089,HDFC Bank,283705.75,2026-08-26T01:27:19.756156,1.81,28.000936,77.104654,28.002227,77.107391,HIGH
WTH_50038,TXN_100107,ACK20260900039,ATM_0017,Union Bank of India,46285.64,2026-08-26T15:30:01.318145,0.51,17.38446,78.444392,17.380998,78.447281,HIGH
WTH_50039,TXN_100110,ACK20260900040,ATM_0105,Axis Bank,81350.65,2026-08-24T14:10:17.092942,1.5,28.638622,77.393931,28.641627,77.394079,HIGH
WTH_50040,TXN_100113,ACK20260900041,ATM_0053,Axis Bank,320493.1,2026-08-01T09:27:02.572110,6.94,24.203797,86.832324,24.203768,86.833917,MEDIUM
WTH_50041,TXN_100116,ACK20260900042,ATM_0050,HDFC Bank,59981.41,2026-08-06T18:10:11.029030,13.7,19.076245,72.86644,19.07211,72.866262,LOW
WTH_50042,TXN_100118,ACK20260900043,ATM_0100,Axis Bank,240328.38,2026-08-15T03:51:19,0.5,12.973928,77.548881,12.971725,77.549856,HIGH
WTH_50043,TXN_100121,ACK20260900044,ATM_0058,State Bank of India,58727.56,2026-08-10T13:15:38.002385,2.25,12.963906,77.606662,12.961935,77.60767,HIGH
WTH_50044,TXN_100124,ACK20260900045,ATM_0019,Axis Bank,131766.87,2026-08-30T19:35:31.628900,0.68,28.015038,76.858904,28.01217,76.858521,HIGH
WTH_50045,TXN_100127,ACK20260900046,ATM_0114,ICICI Bank,33096.66,2026-08-22T19:59:52.963669,4.1,12.974171,77.55149,12.972772,77.551918,MEDIUM
WTH_50046,TXN_100130,ACK20260900047,ATM_0077,Bank of Baroda,15225.16,2026-08-18T08:12:58.783309,5.74,28.581259,77.220148,28.579786,77.221307,MEDIUM
WTH_50047,TXN_100133,ACK20260900048,ATM_0004,State Bank of India,281003.33,2026-08-04T11:15:41.548315,2.32,24.343037,86.861395,24.340007,86.864129,HIGH
WTH_50048,TXN_100136,ACK20260900049,ATM_0101,Bank of Baroda,42940.24,2026-08-05T00:17:22,0.5,17.399311,78.509131,17.401014,78.507155,HIGH
WTH_50049,TXN_100139,ACK20260900050,ATM_0039,Bank of Baroda,31577.1,2026-08-01T13:42:36.071730,2.66,24.223664,86.776079,24.223408,86.774168,HIGH
WTH_50050,TXN_100142,ACK20260900051,ATM_0039,Bank of Baroda,67100.18,2026-08-02T01:03:48.300110,1.1,24.223664,86.776079,24.22329,86.775983,HIGH
WTH_50051,TXN_100145,ACK20260900052,ATM_0067,State Bank of India,41669.36,2026-08-09T23:59:50.040301,1.39,24.131716,86.837887,24.13509,86.83965,HIGH
WTH_50052,TXN_100148,ACK20260900053,ATM_0107,Union Bank of India,125500.3,2026-08-11T04:18:19,0.5,13.00976,77.620656,13.014509,77.622685,HIGH
WTH_50053,TXN_100150,ACK20260900054,ATM_0002,HDFC Bank,42228.32,2026-08-18T06:02:18,0.5,12.997508,77.655521,12.995757,77.652755,HIGH
WTH_50054,TXN_100153,ACK20260900055,ATM_0061,Punjab National Bank,47549.0,2026-08-31T19:29:07.605172,1.54,28.056954,76.934524,28.057009,76.934779,HIGH
WTH_50055,TXN_100156,ACK20260900056,ATM_0105,Axis Bank,63605.04,2026-08-20T00:41:39.192487,0.58,28.638622,77.393931,28.637321,77.392957,HIGH
WTH_50056,TXN_100158,ACK20260900057,ATM_0024,ICICI Bank,9017.04,2026-08-24T21:36:14.070664,0.67,17.366574,78.528985,17.361568,78.530354,HIGH
WTH_50057,TXN_100161,ACK20260900058,ATM_0039,Bank of Baroda,22692.5,2026-08-29T06:12:58.675181,7.02,24.223664,86.776079,24.22251,86.77759,MEDIUM
WTH_50058,TXN_100163,ACK20260900059,ATM_0034,HDFC Bank,36643.26,2026-08-19T18:16:06.852196,9.28,22.569144,88.41207,22.573231,88.415309,MEDIUM
WTH_50059,TXN_100166,ACK20260900060,ATM_0015,Canara Bank,59390.93,2026-08-23T11:53:44.182575,0.72,19.047169,72.863699,19.045642,72.860089,HIGH
WTH_50060,TXN_100169,ACK20260900061,ATM_0090,Bank of Baroda,114724.1,2026-08-15T16:07:37,0.5,22.559896,88.494468,22.556847,88.496063,HIGH
WTH_50061,TXN_100172,ACK20260900062,ATM_0102,State Bank of India,174971.1,2026-08-16T10:57:40.129363,2.3,24.303344,86.884304,24.30204,86.884399,HIGH
WTH_50062,TXN_100175,ACK20260900063,ATM_0040,State Bank of India,17900.22,2026-08-15T14:39:27,0.5,28.006607,76.856895,28.005403,76.858416,HIGH
WTH_50063,TXN_100178,ACK20260900064,ATM_0071,Axis Bank,16823.52,2026-08-14T23:27:53.627087,3.17,19.086918,72.940443,19.081975,72.938849,MEDIUM
WTH_50064,TXN_100181,ACK20260900065,ATM_0035,State Bank of India,47282.88,2026-08-23T10:58:56.649096,6.21,28.631259,77.178034,28.631598,77.178213,MEDIUM
WTH_50065,TXN_100184,ACK20260900066,ATM_0017,Union Bank of India,38452.36,2026-08-18T01:09:54.371981,6.45,17.38446,78.444392,17.385135,78.443568,MEDIUM
WTH_50066,TXN_100187,ACK20260900067,ATM_0069,ICICI Bank,39774.73,2026-08-20T00:16:03.002673,0.63,22.535004,88.348441,22.536091,88.350511,HIGH
WTH_50067,TXN_100190,ACK20260900068,ATM_0006,Punjab National Bank,115080.42,2026-08-24T20:16:05.753608,7.34,22.550356,88.341545,22.552758,88.340729,MEDIUM
WTH_50068,TXN_100193,ACK20260900069,ATM_0013,ICICI Bank,23487.19,2026-08-13T21:01:49.629355,2.17,22.54647,88.369224,22.548573,88.367537,HIGH
WTH_50069,TXN_100196,ACK20260900070,ATM_0019,Axis Bank,222125.32,2026-08-22T07:03:28.082104,8.04,28.015038,76.858904,28.016697,76.854482,MEDIUM
WTH_50070,TXN_100199,ACK20260900071,ATM_0009,Canara Bank,11389.71,2026-08-18T11:05:37,0.5,12.931087,77.60717,12.931417,77.608308,HIGH
WTH_50071,TXN_100201,ACK20260900072,ATM_0059,ICICI Bank,38018.15,2026-08-04T06:29:56.017586,5.53,17.383612,78.439953,17.384878,78.444494,MEDIUM
WTH_50072,TXN_100204,ACK20260900073,ATM_0083,Bank of Baroda,39662.71,2026-08-24T04:59:29.590634,0.58,22.618842,88.383713,22.616659,88.382079,HIGH
WTH_50073,TXN_100206,ACK20260900074,ATM_0001,HDFC Bank,18597.26,2026-08-12T12:37:29.208539,7.33,19.099842,72.871063,19.101917,72.870043,MEDIUM
WTH_50074,TXN_100209,ACK20260900075,ATM_0020,HDFC Bank,285327.46,2026-08-30T10:13:08.667578,5.59,22.508847,88.373349,22.507992,88.372244,MEDIUM
WTH_50075,TXN_100211,ACK20260900076,ATM_0077,Bank of Baroda,52292.15,2026-08-06T11:39:46.037030,3.59,28.581259,77.220148,28.582086,77.223902,MEDIUM
WTH_50076,TXN_100213,ACK20260900077,ATM_0046,Bank of Baroda,426038.58,2026-08-07T10:28:55.056059,0.7,24.224466,86.877492,24.224807,86.879163,HIGH
WTH_50077,TXN_100216,ACK20260900078,ATM_0088,Axis Bank,156992.12,2026-08-05T11:34:25.579086,10.3,24.238835,86.866175,24.239395,86.863924,MEDIUM
WTH_50078,TXN_100218,ACK20260900079,ATM_0119,Punjab National Bank,137415.57,2026-08-07T16:46:26,0.5,28.516693,77.21795,28.520257,77.219131,HIGH
WTH_50079,TXN_100221,ACK20260900080,ATM_0061,Punjab National Bank,19363.8,2026-08-24T03:31:51.432415,0.58,28.056954,76.934524,28.060718,76.937215,HIGH
WTH_50080,TXN_100224,ACK20260900081,ATM_0099,HDFC Bank,33110.08,2026-08-24T09:16:18.328761,9.53,19.033575,72.885079,19.033395,72.886641,MEDIUM
WTH_50081,TXN_100227,ACK20260900082,ATM_0076,Punjab National Bank,161369.99,2026-08-12T08:43:14.477027,1.78,22.584624,88.38053,22.584308,88.379676,HIGH
WTH_50082,TXN_100230,ACK20260900083,ATM_0034,HDFC Bank,44225.05,2026-08-13T19:07:36.126104,2.7,22.569144,88.41207,22.568684,88.413326,HIGH
WTH_50083,TXN_100232,ACK20260900084,ATM_0046,Bank of Baroda,15858.85,2026-08-05T08:59:48.659946,2.11,24.224466,86.877492,24.223947,86.874486,HIGH
WTH_50084,TXN_100235,ACK20260900085,ATM_0036,State Bank of India,62861.34,2026-08-03T12:52:54.589339,2.41,19.093347,72.951526,19.094956,72.951212,HIGH
WTH_50085,TXN_100238,ACK20260900086,ATM_0044,State Bank of India,324281.85,2026-08-02T23:43:43.923734,3.5,13.008216,77.60775,13.007678,77.605537,MEDIUM
WTH_50086,TXN_100241,ACK20260900087,ATM_0003,State Bank of India,42556.31,2026-08-21T19:01:01,0.5,17.375634,78.477335,17.374069,78.478684,HIGH
WTH_50087,TXN_100244,ACK20260900088,ATM_0085,Canara Bank,30146.77,2026-08-02T16:37:47.787416,0.74,19.064221,72.841521,19.064155,72.840434,HIGH
WTH_50088,TXN_100247,ACK20260900089,ATM_0040,State Bank of India,7463.22,2026-08-06T13:34:04.432679,5.23,28.006607,76.856895,28.009384,76.851576,MEDIUM
WTH_50089,TXN_100250,ACK20260900090,ATM_0030,ICICI Bank,4238.95,2026-08-20T10:04:47.059560,2.87,12.984851,77.633622,12.984166,77.632879,HIGH
WTH_50090,TXN_100253,ACK20260900091,ATM_0109,ICICI Bank,50971.84,2026-08-31T06:35:38.573140,3.61,24.154874,86.781055,24.15415,86.780916,MEDIUM
WTH_50091,TXN_100256,ACK20260900092,ATM_0073,Axis Bank,24103.23,2026-08-23T23:43:15.187257,3.76,17.395395,78.517973,17.396838,78.515715,MEDIUM
WTH_50092,TXN_100258,ACK20260900093,ATM_0037,Union Bank of India,22581.44,2026-08-21T21:55:06.008520,3.7,12.970167,77.657186,12.969466,77.656728,MEDIUM
WTH_50093,TXN_100261,ACK20260900094,ATM_0107,Union Bank of India,12876.39,2026-08-15T07:15:44.537852,6.78,13.00976,77.620656,13.009038,77.622975,MEDIUM
WTH_50094,TXN_100264,ACK20260900095,ATM_0062,Bank of Baroda,331774.87,2026-08-04T17:31:46.363217,1.21,22.639934,88.296611,22.636594,88.30014,HIGH
WTH_50095,TXN_100267,ACK20260900096,ATM_0023,Punjab National Bank,13896.63,2026-08-29T14:32:03.001582,1.67,12.912459,77.565806,12.909346,77.567018,HIGH
WTH_50096,TXN_100270,ACK20260900097,ATM_0005,Punjab National Bank,32072.29,2026-08-23T20:48:37.648818,2.81,27.966198,77.039064,27.962691,77.037974,HIGH
WTH_50097,TXN_100273,ACK20260900098,ATM_0091,State Bank of India,34126.38,2026-08-07T09:10:02.802120,5.63,28.643932,77.167856,28.643205,77.167742,MEDIUM
WTH_50098,TXN_100276,ACK20260900099,ATM_0093,Axis Bank,60292.25,2026-08-06T17:41:02.586382,3.51,12.962661,77.62316,12.961415,77.622324,MEDIUM
WTH_50099,TXN_100279,ACK20260900100,ATM_0012,HDFC Bank,279558.69,2026-08-02T14:21:18.243544,1.11,28.004862,76.897418,28.005254,76.895461,HIGH
WTH_50100,TXN_100282,ACK20260900101,ATM_0029,HDFC Bank,25832.73,2026-08-22T23:05:25.996788,3.69,19.035718,72.862858,19.03478,72.863912,MEDIUM
WTH_50101,TXN_100284,ACK20260900102,ATM_0118,Axis Bank,46703.64,2026-08-03T16:40:06.051291,3.83,22.675509,88.394328,22.671827,88.391769,MEDIUM
WTH_50102,TXN_100287,ACK20260900103,ATM_0109,ICICI Bank,15809.17,2026-08-05T19:57:48.457484,0.64,24.154874,86.781055,24.154178,86.781452,HIGH
WTH_50103,TXN_100289,ACK20260900104,ATM_0054,Union Bank of India,368253.66,2026-08-09T14:08:12.592437,1.73,28.135805,77.01257,28.133959,77.009867,HIGH
WTH_50104,TXN_100292,ACK20260900105,ATM_0100,Axis Bank,183236.8,2026-08-29T14:17:50.108487,2.92,12.973928,77.548881,12.978091,77.548272,HIGH
WTH_50105,TXN_100295,ACK20260900106,ATM_0020,HDFC Bank,28296.21,2026-08-20T21:44:01.144727,0.85,22.508847,88.373349,22.507696,88.373593,HIGH
WTH_50106,TXN_100298,ACK20260900107,ATM_0057,Union Bank of India,121663.36,2026-08-25T18:51:02.081662,1.42,19.078891,72.995936,19.078187,72.996421,HIGH
WTH_50107,TXN_100301,ACK20260900108,ATM_0059,ICICI Bank,207163.28,2026-08-21T06:44:41.544856,2.39,17.383612,78.439953,17.382358,78.443578,HIGH
WTH_50108,TXN_100304,ACK20260900109,ATM_0001,HDFC Bank,104360.98,2026-08-01T18:12:32.171706,5.62,19.099842,72.871063,19.097666,72.872922,MEDIUM
WTH_50109,TXN_100306,ACK20260900110,ATM_0082,Bank of Baroda,42600.49,2026-08-20T00:51:16,0.5,28.083419,76.940911,28.08327,76.942152,HIGH
WTH_50110,TXN_100309,ACK20260900111,ATM_0112,State Bank of India,15325.59,2026-08-23T00:35:54.586608,7.22,28.64684,77.13159,28.648473,77.132827,MEDIUM
WTH_50111,TXN_100312,ACK20260900112,ATM_0001,HDFC Bank,39147.79,2026-08-28T15:30:57.327049,6.62,19.099842,72.871063,19.099702,72.867741,MEDIUM
WTH_50112,TXN_100315,ACK20260900113,ATM_0037,Union Bank of India,26495.59,2026-08-30T14:40:13.325600,0.7,12.970167,77.657186,12.971804,77.657454,HIGH
WTH_50113,TXN_100318,ACK20260900114,ATM_0075,Bank of Baroda,24239.77,2026-08-10T16:17:03.121025,12.4,28.03758,77.021383,28.037501,77.022746,LOW
WTH_50114,TXN_100321,ACK20260900115,ATM_0095,Bank of Baroda,291022.02,2026-08-28T05:31:45.690571,1.35,24.148957,86.678812,24.146147,86.679814,HIGH
WTH_50115,TXN_100324,ACK20260900116,ATM_0002,HDFC Bank,20524.69,2026-08-07T15:27:31.719109,4.52,12.997508,77.655521,12.997134,77.654642,MEDIUM
WTH_50116,TXN_100327,ACK20260900117,ATM_0046,Bank of Baroda,18174.05,2026-08-19T07:25:26.253049,1.34,24.224466,86.877492,24.226202,86.878058,HIGH
WTH_50117,TXN_100330,ACK20260900118,ATM_0008,Union Bank of India,30311.45,2026-08-25T17:06:01,0.5,18.993204,72.85071,18.993369,72.852841,HIGH
WTH_50118,TXN_100332,ACK20260900119,ATM_0087,Canara Bank,45025.27,2026-08-20T18:53:43.460034,2.29,17.381916,78.500346,17.383756,78.500974,HIGH
WTH_50119,TXN_100334,ACK20260900120,ATM_0063,ICICI Bank,26527.97,2026-08-08T03:49:33.503977,4.68,28.642069,77.314142,28.641229,77.313578,MEDIUM
WTH_50120,TXN_100337,ACK20260900121,ATM_0047,Union Bank of India,23482.88,2026-08-22T05:34:40.825091,1.23,27.949452,76.976408,27.945585,76.973993,HIGH
WTH_50121,TXN_100339,ACK20260900122,ATM_0116,HDFC Bank,53828.36,2026-08-15T07:49:38.448797,10.48,24.158271,86.817317,24.16024,86.816889,MEDIUM
WTH_50122,TXN_100342,ACK20260900123,ATM_0111,Bank of Baroda,26388.03,2026-08-26T07:08:46.966574,3.33,22.683704,88.274271,22.686038,88.277513,MEDIUM
WTH_50123,TXN_100345,ACK20260900124,ATM_0028,Canara Bank,26894.34,2026-08-11T08:22:47.244702,0.68,28.663388,77.253701,28.662142,77.25259,HIGH
WTH_50124,TXN_100347,ACK20260900125,ATM_0071,Axis Bank,119318.02,2026-08-10T09:05:03,0.5,19.086918,72.940443,19.086171,72.938096,HIGH
WTH_50125,TXN_100349,ACK20260900126,ATM_0016,Canara Bank,45061.69,2026-08-01T05:22:46.622348,0.58,12.947532,77.668691,12.946428,77.669957,HIGH
WTH_50126,TXN_100352,ACK20260900127,ATM_0111,Bank of Baroda,57081.89,2026-08-13T15:52:01.811005,3.15,22.683704,88.274271,22.682024,88.2746,MEDIUM
WTH_50127,TXN_100355,ACK20260900128,ATM_0062,Bank of Baroda,19618.67,2026-08-20T14:04:22,0.5,22.639934,88.296611,22.640506,88.29728,HIGH
WTH_50128,TXN_100358,ACK20260900129,ATM_0054,Union Bank of India,29847.04,2026-08-26T00:44:46,0.5,28.135805,77.01257,28.132308,77.010055,HIGH
WTH_50129,TXN_100361,ACK20260900130,ATM_0075,Bank of Baroda,18402.89,2026-08-05T20:41:29.149297,2.4,28.03758,77.021383,28.036545,77.021831,HIGH
WTH_50130,TXN_100363,ACK20260900131,ATM_0104,Bank of Baroda,52581.47,2026-08-17T10:01:14.694732,2.29,22.597322,88.388562,22.599733,88.389248,HIGH
WTH_50131,TXN_100366,ACK20260900132,ATM_0045,Union Bank of India,94115.42,2026-08-04T19:12:50.576097,2.92,17.36381,78.507231,17.364978,78.506512,HIGH
WTH_50132,TXN_100369,ACK20260900133,ATM_0053,Axis Bank,173739.1,2026-08-12T09:09:26.672054,6.65,24.203797,86.832324,24.204608,86.833754,MEDIUM
WTH_50133,TXN_100372,ACK20260900134,ATM_0085,Canara Bank,58789.49,2026-08-18T20:39:06.416076,3.99,19.064221,72.841521,19.066985,72.842818,MEDIUM
WTH_50134,TXN_100375,ACK20260900135,ATM_0117,Punjab National Bank,9281.15,2026-08-23T12:05:30.651980,1.43,28.003281,76.953085,28.001902,76.954075,HIGH
WTH_50135,TXN_100378,ACK20260900136,ATM_0074,HDFC Bank,413702.74,2026-08-24T04:24:42.260847,2.48,24.117744,86.694363,24.118126,86.694456,HIGH
WTH_50136,TXN_100380,ACK20260900137,ATM_0113,State Bank of India,438857.56,2026-08-09T16:04:22.732852,3.52,19.053347,72.92997,19.056337,72.930397,MEDIUM
WTH_50137,TXN_100383,ACK20260900138,ATM_0071,Axis Bank,42392.66,2026-08-24T03:07:14.003840,2.73,19.086918,72.940443,19.086727,72.941001,HIGH
WTH_50138,TXN_100386,ACK20260900139,ATM_0009,Canara Bank,58999.0,2026-08-16T19:26:42,0.5,12.931087,77.60717,12.931438,77.607987,HIGH
WTH_50139,TXN_100388,ACK20260900140,ATM_0022,State Bank of India,42007.01,2026-08-11T01:40:47.046539,4.31,19.070449,72.863247,19.070715,72.861847,MEDIUM
WTH_50140,TXN_100391,ACK20260900141,ATM_0071,Axis Bank,63066.43,2026-08-28T08:54:41,0.5,19.086918,72.940443,19.087652,72.939391,HIGH
WTH_50141,TXN_100394,ACK20260900142,ATM_0040,State Bank of India,30345.03,2026-08-08T01:31:49.256425,5.15,28.006607,76.856895,28.005497,76.860657,MEDIUM
WTH_50142,TXN_100397,ACK20260900143,ATM_0030,ICICI Bank,48826.65,2026-08-24T16:49:55.327585,0.63,12.984851,77.633622,12.986148,77.635597,HIGH
WTH_50143,TXN_100400,ACK20260900144,ATM_0038,Union Bank of India,36920.36,2026-08-25T22:27:54.741693,1.12,17.28021,78.519576,17.28151,78.519378,HIGH
WTH_50144,TXN_100403,ACK20260900145,ATM_0113,State Bank of India,45482.91,2026-08-14T19:41:50.986218,1.77,19.053347,72.92997,19.055143,72.929557,HIGH
WTH_50145,TXN_100405,ACK20260900146,ATM_0088,Axis Bank,383479.85,2026-08-04T22:03:28,0.5,24.238835,86.866175,24.236332,86.869063,HIGH
WTH_50146,TXN_100408,ACK20260900147,ATM_0048,State Bank of India,59641.18,2026-08-10T06:07:23.837499,12.07,22.553779,88.293651,22.554318,88.293191,LOW
WTH_50147,TXN_100411,ACK20260900148,ATM_0092,ICICI Bank,11840.35,2026-08-07T00:34:12.950896,6.52,19.024597,72.900859,19.025882,72.903517,MEDIUM
WTH_50148,TXN_100414,ACK20260900149,ATM_0105,Axis Bank,14129.22,2026-08-01T20:46:43.633991,5.57,28.638622,77.393931,28.636561,77.393831,MEDIUM
WTH_50149,TXN_100417,ACK20260900150,ATM_0026,Axis Bank,338332.19,2026-08-13T23:30:43.462071,1.97,28.023334,76.972274,28.023254,76.969412,HIGH
WTH_50150,TXN_100420,ACK20260900151,ATM_0031,Bank of Baroda,21144.91,2026-08-10T15:53:12.993237,1.1,17.365833,78.479274,17.364564,78.481266,HIGH
WTH_50151,TXN_100423,ACK20260900152,ATM_0084,Bank of Baroda,18879.22,2026-08-31T01:36:55,0.5,28.653359,77.300046,28.652454,77.295198,HIGH
WTH_50152,TXN_100426,ACK20260900153,ATM_0015,Canara Bank,32392.7,2026-08-05T10:04:35.039841,4.16,19.047169,72.863699,19.047913,72.864657,MEDIUM
WTH_50153,TXN_100429,ACK20260900154,ATM_0099,HDFC Bank,42616.5,2026-08-08T00:23:31,0.5,19.033575,72.885079,19.033568,72.882762,HIGH
WTH_50154,TXN_100432,ACK20260900155,ATM_0031,Bank of Baroda,131682.47,2026-08-05T21:51:37.298543,2.87,17.365833,78.479274,17.36408,78.479349,HIGH
WTH_50155,TXN_100435,ACK20260900156,ATM_0046,Bank of Baroda,59876.09,2026-08-15T15:12:49,0.5,24.224466,86.877492,24.222463,86.87693,HIGH
WTH_50156,TXN_100438,ACK20260900157,ATM_0111,Bank of Baroda,7934.26,2026-08-24T09:06:36.934061,5.64,22.683704,88.274271,22.682717,88.273381,MEDIUM
WTH_50157,TXN_100441,ACK20260900158,ATM_0038,Union Bank of India,20566.07,2026-08-08T23:28:19.016238,4.29,17.28021,78.519576,17.280329,78.518282,MEDIUM
WTH_50158,TXN_100444,ACK20260900159,ATM_0044,State Bank of India,55593.72,2026-08-06T23:19:38.050158,4.38,13.008216,77.60775,13.007057,77.609928,MEDIUM
WTH_50159,TXN_100447,ACK20260900160,ATM_0091,State Bank of India,39468.01,2026-08-16T21:20:00.709882,5.95,28.643932,77.167856,28.648083,77.166478,MEDIUM
WTH_50160,TXN_100450,ACK20260900161,ATM_0101,Bank of Baroda,75398.67,2026-08-17T09:41:58,0.5,17.399311,78.509131,17.397248,78.508072,HIGH
WTH_50161,TXN_100453,ACK20260900162,ATM_0040,State Bank of India,17234.62,2026-08-07T07:19:58.268370,2.41,28.006607,76.856895,28.010062,76.857768,HIGH
WTH_50162,TXN_100456,ACK20260900163,ATM_0089,HDFC Bank,104413.5,2026-08-02T05:39:21.404409,0.78,28.000936,77.104654,27.999931,77.105077,HIGH
WTH_50163,TXN_100459,ACK20260900164,ATM_0036,State Bank of India,83161.79,2026-08-30T05:01:28.177533,4.55,19.093347,72.951526,19.092381,72.954674,MEDIUM
WTH_50164,TXN_100462,ACK20260900165,ATM_0116,HDFC Bank,316972.62,2026-08-25T13:05:44.205033,15.38,24.158271,86.817317,24.155147,86.82132,LOW
WTH_50165,TXN_100465,ACK20260900166,ATM_0097,Union Bank of India,9051.63,2026-08-06T23:15:42.019900,7.23,22.582876,88.304105,22.582531,88.305872,MEDIUM
WTH_50166,TXN_100468,ACK20260900167,ATM_0111,Bank of Baroda,391193.41,2026-08-24T01:40:29.404838,8.52,22.683704,88.274271,22.68477,88.271763,MEDIUM
WTH_50167,TXN_100471,ACK20260900168,ATM_0071,Axis Bank,33412.13,2026-08-10T21:01:34,0.5,19.086918,72.940443,19.087906,72.940964,HIGH
WTH_50168,TXN_100474,ACK20260900169,ATM_0109,ICICI Bank,50281.6,2026-08-22T07:21:38.630690,12.44,24.154874,86.781055,24.155522,86.780472,LOW
WTH_50169,TXN_100477,ACK20260900170,ATM_0085,Canara Bank,371618.7,2026-08-09T17:06:01.675622,7.16,19.064221,72.841521,19.065764,72.835824,MEDIUM
WTH_50170,TXN_100480,ACK20260900171,ATM_0087,Canara Bank,21753.55,2026-08-06T13:26:29.821950,0.62,17.381916,78.500346,17.382665,78.500172,HIGH
WTH_50171,TXN_100483,ACK20260900172,ATM_0115,Axis Bank,319116.39,2026-08-11T00:34:38.884975,1.38,17.356388,78.513884,17.355453,78.514577,HIGH
WTH_50172,TXN_100486,ACK20260900173,ATM_0015,Canara Bank,4505.53,2026-08-22T02:39:47.594648,0.94,19.047169,72.863699,19.042979,72.864207,HIGH
WTH_50173,TXN_100489,ACK20260900174,ATM_0018,Punjab National Bank,144338.69,2026-08-30T20:00:25.212386,1.0,24.282504,86.702333,24.285506,86.704033,HIGH
WTH_50174,TXN_100492,ACK20260900175,ATM_0005,Punjab National Bank,32896.34,2026-08-26T17:25:56,0.5,27.966198,77.039064,27.967892,77.041509,HIGH
WTH_50175,TXN_100495,ACK20260900176,ATM_0087,Canara Bank,39428.15,2026-08-21T13:45:45.298847,5.73,17.381916,78.500346,17.383977,78.500824,MEDIUM
WTH_50176,TXN_100497,ACK20260900177,ATM_0109,ICICI Bank,32762.46,2026-08-18T06:51:21.034352,1.1,24.154874,86.781055,24.154971,86.77968,HIGH
WTH_50177,TXN_100500,ACK20260900178,ATM_0013,ICICI Bank,33862.04,2026-08-28T18:29:38.229039,9.51,22.54647,88.369224,22.546627,88.365228,MEDIUM
WTH_50178,TXN_100503,ACK20260900179,ATM_0097,Union Bank of India,124796.04,2026-08-16T21:11:38.802591,2.12,22.582876,88.304105,22.578674,88.309981,HIGH
WTH_50179,TXN_100506,ACK20260900180,ATM_0028,Canara Bank,239886.41,2026-08-12T13:46:43,0.5,28.663388,77.253701,28.665604,77.251621,HIGH
WTH_50180,TXN_100509,ACK20260900181,ATM_0088,Axis Bank,67276.02,2026-08-07T06:05:00.742917,12.26,24.238835,86.866175,24.239388,86.864874,LOW
WTH_50181,TXN_100512,ACK20260900182,ATM_0006,Punjab National Bank,33251.18,2026-08-19T22:20:48.761848,0.68,22.550356,88.341545,22.552096,88.342536,HIGH
WTH_50182,TXN_100515,ACK20260900183,ATM_0058,State Bank of India,171217.49,2026-08-19T01:57:12.658919,2.41,12.963906,77.606662,12.965832,77.607277,HIGH
WTH_50183,TXN_100518,ACK20260900184,ATM_0039,Bank of Baroda,84644.61,2026-08-24T19:52:41.609392,9.36,24.223664,86.776079,24.225875,86.778453,MEDIUM
WTH_50184,TXN_100520,ACK20260900185,ATM_0038,Union Bank of India,14727.92,2026-08-22T18:27:57.209718,1.75,17.28021,78.519576,17.278667,78.520169,HIGH
WTH_50185,TXN_100523,ACK20260900186,ATM_0099,HDFC Bank,13185.27,2026-08-22T01:29:40.378717,5.34,19.033575,72.885079,19.036802,72.885986,MEDIUM
WTH_50186,TXN_100525,ACK20260900187,ATM_0015,Canara Bank,7393.33,2026-08-31T15:54:20.346232,1.39,19.047169,72.863699,19.049263,72.864839,HIGH
WTH_50187,TXN_100528,ACK20260900188,ATM_0052,Canara Bank,389614.44,2026-08-03T18:06:09.727459,2.0,17.371291,78.454609,17.370991,78.45486,HIGH
WTH_50188,TXN_100530,ACK20260900189,ATM_0061,Punjab National Bank,65341.65,2026-08-05T18:23:34.607806,1.37,28.056954,76.934524,28.054398,76.931237,HIGH
WTH_50189,TXN_100532,ACK20260900190,ATM_0109,ICICI Bank,59158.34,2026-08-06T20:48:31.853778,2.08,24.154874,86.781055,24.153596,86.778409,HIGH
WTH_50190,TXN_100535,ACK20260900191,ATM_0112,State Bank of India,40932.82,2026-08-10T14:57:10.671000,3.38,28.64684,77.13159,28.642342,77.130224,MEDIUM
WTH_50191,TXN_100538,ACK20260900192,ATM_0090,Bank of Baroda,147247.87,2026-08-25T16:39:17.665333,2.28,22.559896,88.494468,22.557117,88.491177,HIGH
WTH_50192,TXN_100541,ACK20260900193,ATM_0023,Punjab National Bank,33818.93,2026-08-14T23:52:09.767114,3.28,12.912459,77.565806,12.913819,77.566957,MEDIUM
WTH_50193,TXN_100543,ACK20260900194,ATM_0064,Bank of Baroda,20894.62,2026-08-24T04:43:55.891494,9.16,19.028454,72.850518,19.026946,72.849957,MEDIUM
WTH_50194,TXN_100546,ACK20260900195,ATM_0030,ICICI Bank,37660.23,2026-08-08T03:48:24.716907,1.17,12.984851,77.633622,12.986793,77.632387,HIGH
WTH_50195,TXN_100549,ACK20260900196,ATM_0013,ICICI Bank,46750.08,2026-08-18T18:53:07.055988,3.3,22.54647,88.369224,22.544491,88.371106,MEDIUM
WTH_50196,TXN_100552,ACK20260900197,ATM_0065,ICICI Bank,88022.09,2026-08-17T22:16:28.154953,0.7,12.975586,77.574461,12.973648,77.575563,HIGH
WTH_50197,TXN_100555,ACK20260900198,ATM_0106,Bank of Baroda,6397.81,2026-08-04T08:14:27,0.5,19.103403,72.932207,19.100217,72.933088,HIGH
WTH_50198,TXN_100558,ACK20260900199,ATM_0055,HDFC Bank,39665.55,2026-08-08T11:29:27.219840,5.74,22.584962,88.360327,22.583804,88.360454,MEDIUM
WTH_50199,TXN_100561,ACK20260900200,ATM_0108,State Bank of India,341847.19,2026-08-26T18:34:28.138127,3.22,17.372389,78.517059,17.372487,78.51714,MEDIUM
WTH_50200,TXN_100563,ACK20260900201,ATM_0084,Bank of Baroda,24595.73,2026-08-12T02:52:33.001015,3.3,28.653359,77.300046,28.655658,77.299444,MEDIUM
WTH_50201,TXN_100566,ACK20260900202,ATM_0111,Bank of Baroda,44739.75,2026-08-14T00:46:42.127944,0.95,22.683704,88.274271,22.682267,88.276061,HIGH
WTH_50202,TXN_100568,ACK20260900203,ATM_0039,Bank of Baroda,17393.14,2026-08-11T17:46:35.945340,3.85,24.223664,86.776079,24.224143,86.774515,MEDIUM
WTH_50203,TXN_100571,ACK20260900204,ATM_0019,Axis Bank,43964.47,2026-08-07T04:18:13.642928,0.64,28.015038,76.858904,28.016306,76.859732,HIGH
WTH_50204,TXN_100574,ACK20260900205,ATM_0016,Canara Bank,10882.09,2026-08-30T03:47:51,0.5,12.947532,77.668691,12.949981,77.671938,HIGH
WTH_50205,TXN_100577,ACK20260900206,ATM_0080,Axis Bank,66806.78,2026-08-31T18:29:12.861580,1.74,17.337348,78.512962,17.337171,78.518121,HIGH
WTH_50206,TXN_100580,ACK20260900207,ATM_0073,Axis Bank,85239.48,2026-08-29T05:35:12.963103,1.96,17.395395,78.517973,17.397348,78.520181,HIGH
WTH_50207,TXN_100583,ACK20260900208,ATM_0088,Axis Bank,278027.23,2026-08-28T03:07:00.207356,3.02,24.238835,86.866175,24.238077,86.865768,MEDIUM
WTH_50208,TXN_100586,ACK20260900209,ATM_0030,ICICI Bank,4826.35,2026-08-20T02:02:06.601059,0.9,12.984851,77.633622,12.983678,77.633227,HIGH
WTH_50209,TXN_100589,ACK20260900210,ATM_0106,Bank of Baroda,153135.3,2026-08-05T14:18:17.397731,5.64,19.103403,72.932207,19.103871,72.929095,MEDIUM
WTH_50210,TXN_100592,ACK20260900211,ATM_0096,Union Bank of India,8742.41,2026-08-27T06:44:33.828970,2.66,27.967851,77.061661,27.965506,77.059194,HIGH
WTH_50211,TXN_100595,ACK20260900212,ATM_0056,Canara Bank,45430.01,2026-08-25T01:58:05.993605,4.59,28.521799,77.207727,28.520389,77.207615,MEDIUM
WTH_50212,TXN_100598,ACK20260900213,ATM_0059,ICICI Bank,40369.16,2026-08-15T20:25:00.513453,0.67,17.383612,78.439953,17.381631,78.441212,HIGH
WTH_50213,TXN_100601,ACK20260900214,ATM_0059,ICICI Bank,261354.27,2026-08-25T07:02:16.246889,2.09,17.383612,78.439953,17.382141,78.442425,HIGH
WTH_50214,TXN_100604,ACK20260900215,ATM_0100,Axis Bank,48276.53,2026-08-03T13:14:34.657128,9.17,12.973928,77.548881,12.97286,77.546067,MEDIUM
WTH_50215,TXN_100607,ACK20260900216,ATM_0026,Axis Bank,89623.63,2026-08-08T04:07:40.674500,6.46,28.023334,76.972274,28.027973,76.973061,MEDIUM
WTH_50216,TXN_100610,ACK20260900217,ATM_0116,HDFC Bank,270113.18,2026-08-08T00:15:13,0.5,24.158271,86.817317,24.159278,86.818482,HIGH
WTH_50217,TXN_100613,ACK20260900218,ATM_0089,HDFC Bank,51858.27,2026-08-08T00:32:02.903301,1.56,28.000936,77.104654,27.997264,77.10567,HIGH
WTH_50218,TXN_100616,ACK20260900219,ATM_0119,Punjab National Bank,267533.44,2026-08-29T13:56:38.998645,3.21,28.516693,77.21795,28.518366,77.218013,MEDIUM
WTH_50219,TXN_100619,ACK20260900220,ATM_0002,HDFC Bank,352788.47,2026-08-01T19:02:45.980428,6.67,12.997508,77.655521,12.997672,77.655323,MEDIUM
WTH_50220,TXN_100622,ACK20260900221,ATM_0035,State Bank of India,18942.44,2026-08-05T18:41:44.824781,7.09,28.631259,77.178034,28.632396,77.179233,MEDIUM
WTH_50221,TXN_100625,ACK20260900222,ATM_0032,Axis Bank,19973.64,2026-08-15T19:20:32.142556,1.81,24.128193,86.704303,24.129266,86.702506,HIGH
WTH_50222,TXN_100628,ACK20260900223,ATM_0058,State Bank of India,118063.34,2026-08-11T06:51:40.874443,3.59,12.963906,77.606662,12.963456,77.607057,MEDIUM
WTH_50223,TXN_100631,ACK20260900224,ATM_0109,ICICI Bank,31329.03,2026-08-06T06:26:35.745253,5.07,24.154874,86.781055,24.154895,86.778431,MEDIUM
WTH_50224,TXN_100634,ACK20260900225,ATM_0052,Canara Bank,63907.59,2026-08-23T22:22:23.431479,1.6,17.371291,78.454609,17.372307,78.454717,HIGH
WTH_50225,TXN_100637,ACK20260900226,ATM_0089,HDFC Bank,61340.11,2026-08-03T09:00:37.387882,2.47,28.000936,77.104654,27.999057,77.104366,HIGH
WTH_50226,TXN_100639,ACK20260900227,ATM_0119,Punjab National Bank,84164.06,2026-08-18T00:34:42.903585,3.38,28.516693,77.21795,28.51476,77.218784,MEDIUM
WTH_50227,TXN_100642,ACK20260900228,ATM_0064,Bank of Baroda,9548.4,2026-08-19T07:46:54.342907,18.45,19.028454,72.850518,19.028751,72.849844,LOW
WTH_50228,TXN_100645,ACK20260900229,ATM_0077,Bank of Baroda,53961.77,2026-08-29T08:50:18.061321,4.12,28.581259,77.220148,28.58129,77.218691,MEDIUM
WTH_50229,TXN_100648,ACK20260900230,ATM_0089,HDFC Bank,23255.59,2026-08-29T17:39:37.403200,3.42,28.000936,77.104654,27.995828,77.106523,MEDIUM
WTH_50230,TXN_100650,ACK20260900231,ATM_0039,Bank of Baroda,47804.39,2026-08-13T19:03:18.913311,1.6,24.223664,86.776079,24.22608,86.775446,HIGH
WTH_50231,TXN_100653,ACK20260900232,ATM_0112,State Bank of India,24523.91,2026-08-11T00:22:28,0.5,28.64684,77.13159,28.645687,77.126408,HIGH
WTH_50232,TXN_100656,ACK20260900233,ATM_0031,Bank of Baroda,49908.42,2026-08-08T09:43:38.451570,2.68,17.365833,78.479274,17.363845,78.479212,HIGH
WTH_50233,TXN_100658,ACK20260900234,ATM_0037,Union Bank of India,42670.36,2026-08-28T08:20:14.405181,6.51,12.970167,77.657186,12.970112,77.655319,MEDIUM
WTH_50234,TXN_100660,ACK20260900235,ATM_0021,HDFC Bank,65586.49,2026-08-26T21:58:14.694463,4.68,28.649346,77.217226,28.644741,77.216336,MEDIUM
WTH_50235,TXN_100663,ACK20260900236,ATM_0116,HDFC Bank,43622.67,2026-08-10T20:50:55.646944,5.38,24.158271,86.817317,24.156933,86.819397,MEDIUM
WTH_50236,TXN_100666,ACK20260900237,ATM_0039,Bank of Baroda,289261.68,2026-08-14T21:39:03.505907,1.03,24.223664,86.776079,24.223487,86.777922,HIGH
WTH_50237,TXN_100669,ACK20260900238,ATM_0047,Union Bank of India,16701.53,2026-08-07T08:31:32.952916,7.89,27.949452,76.976408,27.952055,76.979531,MEDIUM
WTH_50238,TXN_100672,ACK20260900239,ATM_0076,Punjab National Bank,40938.52,2026-08-09T03:12:29.243949,0.57,22.584624,88.38053,22.584801,88.383974,HIGH
WTH_50239,TXN_100675,ACK20260900240,ATM_0068,HDFC Bank,117386.55,2026-08-26T02:24:08,0.5,27.933801,77.111595,27.93307,77.111964,HIGH
WTH_50240,TXN_100677,ACK20260900241,ATM_0076,Punjab National Bank,124591.57,2026-08-18T01:48:58.113278,1.51,22.584624,88.38053,22.585985,88.382846,HIGH
WTH_50241,TXN_100680,ACK20260900242,ATM_0055,HDFC Bank,29776.43,2026-08-19T20:13:11,0.5,22.584962,88.360327,22.587333,88.361765,HIGH
WTH_50242,TXN_100683,ACK20260900243,ATM_0076,Punjab National Bank,46417.24,2026-08-07T20:26:58.149569,3.43,22.584624,88.38053,22.582119,88.379525,MEDIUM
WTH_50243,TXN_100686,ACK20260900244,ATM_0067,State Bank of India,109330.26,2026-08-10T16:09:43.359835,5.22,24.131716,86.837887,24.132628,86.842217,MEDIUM
WTH_50244,TXN_100689,ACK20260900245,ATM_0069,ICICI Bank,71214.62,2026-08-12T05:09:14.811216,13.69,22.535004,88.348441,22.537915,88.35204,LOW
WTH_50245,TXN_100692,ACK20260900246,ATM_0063,ICICI Bank,33806.52,2026-08-22T07:34:32.174223,3.74,28.642069,77.314142,28.641339,77.312464,MEDIUM
WTH_50246,TXN_100695,ACK20260900247,ATM_0016,Canara Bank,84060.0,2026-08-19T09:22:36.332416,2.03,12.947532,77.668691,12.948691,77.668986,HIGH
WTH_50247,TXN_100698,ACK20260900248,ATM_0105,Axis Bank,63546.25,2026-08-20T12:16:32.831814,0.77,28.638622,77.393931,28.639237,77.395562,HIGH
WTH_50248,TXN_100700,ACK20260900249,ATM_0071,Axis Bank,53307.06,2026-08-29T02:24:54.928914,6.92,19.086918,72.940443,19.088593,72.938816,MEDIUM
WTH_50249,TXN_100703,ACK20260900250,ATM_0020,HDFC Bank,36295.76,2026-08-04T16:15:16.360904,4.56,22.508847,88.373349,22.510173,88.375696,MEDIUM
WTH_50250,TXN_100706,ACK20260900251,ATM_0071,Axis Bank,291892.27,2026-08-20T04:28:00.875097,14.62,19.086918,72.940443,19.086729,72.940271,LOW
WTH_50251,TXN_100709,ACK20260900252,ATM_0088,Axis Bank,15964.31,2026-08-24T23:49:19.230305,0.84,24.238835,86.866175,24.241312,86.866218,HIGH
WTH_50252,TXN_100712,ACK20260900253,ATM_0099,HDFC Bank,14726.5,2026-08-11T19:15:06.825958,3.12,19.033575,72.885079,19.029777,72.885236,MEDIUM
WTH_50253,TXN_100714,ACK20260900254,ATM_0095,Bank of Baroda,201301.13,2026-08-15T13:42:36.037346,7.23,24.148957,86.678812,24.151537,86.680158,MEDIUM
WTH_50254,TXN_100717,ACK20260900255,ATM_0083,Bank of Baroda,18208.32,2026-08-19T01:26:32,0.5,22.618842,88.383713,22.620499,88.38186,HIGH
WTH_50255,TXN_100720,ACK20260900256,ATM_0089,HDFC Bank,39709.81,2026-08-08T15:11:32.330852,0.8,28.000936,77.104654,28.004276,77.105443,HIGH
WTH_50256,TXN_100723,ACK20260900257,ATM_0035,State Bank of India,103636.66,2026-08-05T11:59:54.677269,1.54,28.631259,77.178034,28.631815,77.180944,HIGH
WTH_50257,TXN_100726,ACK20260900258,ATM_0038,Union Bank of India,118459.55,2026-08-28T16:06:41.266265,0.56,17.28021,78.519576,17.281655,78.51883,HIGH
WTH_50258,TXN_100728,ACK20260900259,ATM_0108,State Bank of India,39101.94,2026-08-29T06:53:08.273561,7.61,17.372389,78.517059,17.368991,78.519973,MEDIUM
WTH_50259,TXN_100731,ACK20260900260,ATM_0017,Union Bank of India,36804.78,2026-08-31T23:22:09,0.5,17.38446,78.444392,17.381409,78.446917,HIGH
WTH_50260,TXN_100733,ACK20260900261,ATM_0076,Punjab National Bank,311374.95,2026-08-10T22:48:51.463156,3.6,22.584624,88.38053,22.584877,88.379154,MEDIUM
WTH_50261,TXN_100736,ACK20260900262,ATM_0068,HDFC Bank,40285.79,2026-08-10T08:22:59.606472,3.24,27.933801,77.111595,27.935849,77.11278,MEDIUM
WTH_50262,TXN_100739,ACK20260900263,ATM_0041,Canara Bank,120524.25,2026-08-16T04:45:21.774165,2.41,22.562056,88.381041,22.564288,88.379742,HIGH
WTH_50263,TXN_100741,ACK20260900264,ATM_0029,HDFC Bank,80179.41,2026-08-12T07:55:46.527499,2.55,19.035718,72.862858,19.033435,72.862471,HIGH
WTH_50264,TXN_100744,ACK20260900265,ATM_0026,Axis Bank,51886.72,2026-08-25T14:34:24,0.5,28.023334,76.972274,28.024294,76.969543,HIGH
WTH_50265,TXN_100747,ACK20260900266,ATM_0101,Bank of Baroda,142241.56,2026-08-10T17:49:38.704505,1.91,17.399311,78.509131,17.401753,78.510295,HIGH
WTH_50266,TXN_100750,ACK20260900267,ATM_0062,Bank of Baroda,46139.63,2026-08-22T08:04:32.966049,6.41,22.639934,88.296611,22.642331,88.292736,MEDIUM
WTH_50267,TXN_100753,ACK20260900268,ATM_0023,Punjab National Bank,261563.07,2026-08-24T23:27:16.304791,1.57,12.912459,77.565806,12.912741,77.562269,HIGH
WTH_50268,TXN_100756,ACK20260900269,ATM_0028,Canara Bank,20466.06,2026-08-09T00:40:17.955749,1.05,28.663388,77.253701,28.665454,77.253311,HIGH
WTH_50269,TXN_100759,ACK20260900270,ATM_0063,ICICI Bank,126518.6,2026-08-23T02:53:37.556473,5.68,28.642069,77.314142,28.639729,77.308397,MEDIUM
WTH_50270,TXN_100762,ACK20260900271,ATM_0112,State Bank of India,108722.08,2026-08-09T08:03:39.052352,2.01,28.64684,77.13159,28.64864,77.133146,HIGH
WTH_50271,TXN_100765,ACK20260900272,ATM_0015,Canara Bank,50259.83,2026-08-06T21:24:38.483514,0.51,19.047169,72.863699,19.048701,72.866153,HIGH
WTH_50272,TXN_100768,ACK20260900273,ATM_0112,State Bank of India,4369.01,2026-08-01T16:18:24.000415,1.06,28.64684,77.13159,28.64755,77.131148,HIGH
WTH_50273,TXN_100771,ACK20260900274,ATM_0074,HDFC Bank,91405.4,2026-08-18T12:17:34.114395,4.99,24.117744,86.694363,24.120729,86.693821,MEDIUM
WTH_50274,TXN_100773,ACK20260900275,ATM_0082,Bank of Baroda,238502.08,2026-08-21T06:48:35,0.5,28.083419,76.940911,28.083622,76.938649,HIGH
WTH_50275,TXN_100776,ACK20260900276,ATM_0103,Canara Bank,7466.3,2026-08-24T14:39:13.591206,8.05,27.900808,76.932477,27.900942,76.933509,MEDIUM
WTH_50276,TXN_100779,ACK20260900277,ATM_0056,Canara Bank,53332.69,2026-08-02T15:46:21.969895,4.59,28.521799,77.207727,28.519578,77.208861,MEDIUM
WTH_50277,TXN_100782,ACK20260900278,ATM_0022,State Bank of India,9697.89,2026-08-17T08:54:24.338249,12.52,19.070449,72.863247,19.067219,72.865576,LOW
WTH_50278,TXN_100784,ACK20260900279,ATM_0091,State Bank of India,31618.48,2026-08-27T09:52:46.567228,6.65,28.643932,77.167856,28.645967,77.173182,MEDIUM
WTH_50279,TXN_100787,ACK20260900280,ATM_0039,Bank of Baroda,9526.37,2026-08-18T08:53:16.504948,4.31,24.223664,86.776079,24.222009,86.776251,MEDIUM
WTH_50280,TXN_100790,ACK20260900281,ATM_0069,ICICI Bank,47074.14,2026-08-05T04:37:57.769878,0.63,22.535004,88.348441,22.534107,88.352461,HIGH
WTH_50281,TXN_100793,ACK20260900282,ATM_0018,Punjab National Bank,35949.51,2026-08-23T07:14:42.934176,2.76,24.282504,86.702333,24.282546,86.700877,HIGH
WTH_50282,TXN_100796,ACK20260900283,ATM_0046,Bank of Baroda,16501.09,2026-08-14T01:53:15,0.5,24.224466,86.877492,24.223209,86.878697,HIGH
WTH_50283,TXN_100799,ACK20260900284,ATM_0014,Axis Bank,9031.12,2026-08-22T17:30:21.062492,1.4,28.558652,77.227034,28.558897,77.230283,HIGH
WTH_50284,TXN_100802,ACK20260900285,ATM_0074,HDFC Bank,54202.79,2026-08-16T23:51:35.491644,7.41,24.117744,86.694363,24.117023,86.695386,MEDIUM
WTH_50285,TXN_100805,ACK20260900286,ATM_0080,Axis Bank,11605.13,2026-08-28T12:21:25.651090,5.17,17.337348,78.512962,17.339114,78.512806,MEDIUM
WTH_50286,TXN_100807,ACK20260900287,ATM_0102,State Bank of India,104287.05,2026-08-09T06:53:08,0.5,24.303344,86.884304,24.305421,86.885315,HIGH
WTH_50287,TXN_100809,ACK20260900288,ATM_0109,ICICI Bank,26897.18,2026-08-29T21:26:03.321042,11.68,24.154874,86.781055,24.155101,86.778178,MEDIUM
WTH_50288,TXN_100811,ACK20260900289,ATM_0029,HDFC Bank,37007.05,2026-08-27T17:21:58.514196,3.02,19.035718,72.862858,19.038094,72.863931,MEDIUM
WTH_50289,TXN_100814,ACK20260900290,ATM_0017,Union Bank of India,8087.41,2026-08-02T04:53:40.746752,2.67,17.38446,78.444392,17.385429,78.442699,HIGH
WTH_50290,TXN_100817,ACK20260900291,ATM_0103,Canara Bank,33646.02,2026-08-31T13:11:03.678754,6.81,27.900808,76.932477,27.900277,76.933444,MEDIUM
WTH_50291,TXN_100820,ACK20260900292,ATM_0062,Bank of Baroda,4417.34,2026-08-06T19:50:46.160839,7.85,22.639934,88.296611,22.638024,88.297458,MEDIUM
WTH_50292,TXN_100823,ACK20260900293,ATM_0100,Axis Bank,86577.64,2026-08-26T07:44:43,0.5,12.973928,77.548881,12.974311,77.549363,HIGH
WTH_50293,TXN_100826,ACK20260900294,ATM_0055,HDFC Bank,363859.43,2026-08-21T19:57:39.015261,1.89,22.584962,88.360327,22.582837,88.361184,HIGH
WTH_50294,TXN_100828,ACK20260900295,ATM_0107,Union Bank of India,52301.97,2026-08-22T14:03:13.398380,0.62,13.00976,77.620656,13.009825,77.620122,HIGH
WTH_50295,TXN_100830,ACK20260900296,ATM_0019,Axis Bank,113360.48,2026-08-29T17:27:40.257432,7.73,28.015038,76.858904,28.015427,76.858198,MEDIUM
WTH_50296,TXN_100833,ACK20260900297,ATM_0033,Union Bank of India,16627.1,2026-08-31T08:39:11.076104,5.98,28.058502,77.097649,28.062118,77.098351,MEDIUM
WTH_50297,TXN_100836,ACK20260900298,ATM_0116,HDFC Bank,436518.45,2026-08-10T12:49:02.567215,6.03,24.158271,86.817317,24.154027,86.816101,MEDIUM
WTH_50298,TXN_100838,ACK20260900299,ATM_0013,ICICI Bank,128112.42,2026-08-19T06:29:34.342370,1.43,22.54647,88.369224,22.547562,88.367544,HIGH
WTH_50299,TXN_100841,ACK20260900300,ATM_0099,HDFC Bank,24278.2,2026-08-20T07:40:22.022856,1.5,19.033575,72.885079,19.036806,72.884434,HIGH
WTH_50300,TXN_100844,ACK20260900301,ATM_0030,ICICI Bank,22883.22,2026-08-23T03:49:33.986480,1.52,12.984851,77.633622,12.984645,77.636072,HIGH
WTH_50301,TXN_100847,ACK20260900302,ATM_0108,State Bank of India,39791.19,2026-08-02T00:38:32,0.5,17.372389,78.517059,17.370031,78.519434,HIGH
WTH_50302,TXN_100850,ACK20260900303,ATM_0059,ICICI Bank,27176.32,2026-08-04T10:17:47.075200,0.67,17.383612,78.439953,17.382808,78.441002,HIGH
WTH_50303,TXN_100852,ACK20260900304,ATM_0080,Axis Bank,28649.4,2026-08-23T00:50:46.078474,3.6,17.337348,78.512962,17.337601,78.51684,MEDIUM
WTH_50304,TXN_100855,ACK20260900305,ATM_0065,ICICI Bank,55595.25,2026-08-12T13:23:00,0.5,12.975586,77.574461,12.977643,77.571828,HIGH
WTH_50305,TXN_100857,ACK20260900306,ATM_0119,Punjab National Bank,98240.56,2026-08-24T17:06:32.104017,3.83,28.516693,77.21795,28.517513,77.217467,MEDIUM
WTH_50306,TXN_100859,ACK20260900307,ATM_0043,HDFC Bank,54501.49,2026-08-03T01:09:40,0.5,19.037192,72.853616,19.033782,72.849062,HIGH
WTH_50307,TXN_100862,ACK20260900308,ATM_0067,State Bank of India,420082.78,2026-08-16T03:47:23.393911,1.68,24.131716,86.837887,24.130645,86.837706,HIGH
WTH_50308,TXN_100865,ACK20260900309,ATM_0015,Canara Bank,54386.68,2026-08-04T22:25:56.804528,1.15,19.047169,72.863699,19.046299,72.8652,HIGH
WTH_50309,TXN_100868,ACK20260900310,ATM_0010,Punjab National Bank,324544.47,2026-08-19T20:05:27.899866,5.72,17.348679,78.430208,17.346808,78.43238,MEDIUM
WTH_50310,TXN_100871,ACK20260900311,ATM_0040,State Bank of India,229163.64,2026-08-12T12:55:13.560647,7.22,28.006607,76.856895,28.007286,76.855603,MEDIUM
WTH_50311,TXN_100874,ACK20260900312,ATM_0068,HDFC Bank,155692.83,2026-08-18T12:04:29.341120,0.97,27.933801,77.111595,27.933762,77.110989,HIGH
WTH_50312,TXN_100877,ACK20260900313,ATM_0015,Canara Bank,255200.62,2026-08-30T06:39:17.482671,1.23,19.047169,72.863699,19.049269,72.861971,HIGH
WTH_50313,TXN_100879,ACK20260900314,ATM_0041,Canara Bank,22546.38,2026-08-16T14:41:37.531665,3.15,22.562056,88.381041,22.561847,88.380703,MEDIUM
WTH_50314,TXN_100882,ACK20260900315,ATM_0107,Union Bank of India,28840.44,2026-08-08T05:32:44,0.5,13.00976,77.620656,13.010455,77.622983,HIGH
WTH_50315,TXN_100885,ACK20260900316,ATM_0049,ICICI Bank,59167.01,2026-08-03T03:53:50.906026,6.19,28.628114,77.221531,28.628493,77.223533,MEDIUM
WTH_50316,TXN_100888,ACK20260900317,ATM_0002,HDFC Bank,44927.25,2026-08-01T03:41:56.895973,1.33,12.997508,77.655521,13.000456,77.654817,HIGH
WTH_50317,TXN_100891,ACK20260900318,ATM_0078,HDFC Bank,122292.4,2026-08-06T19:23:47.993801,2.05,19.090067,72.843411,19.093292,72.846041,HIGH
WTH_50318,TXN_100894,ACK20260900319,ATM_0108,State Bank of India,89819.76,2026-08-08T14:16:43.425548,0.95,17.372389,78.517059,17.370458,78.517119,HIGH
WTH_50319,TXN_100896,ACK20260900320,ATM_0111,Bank of Baroda,42825.52,2026-08-22T18:11:23.087630,3.7,22.683704,88.274271,22.68395,88.275374,MEDIUM
WTH_50320,TXN_100899,ACK20260900321,ATM_0039,Bank of Baroda,234280.41,2026-08-22T19:24:14.118431,3.52,24.223664,86.776079,24.223453,86.77571,MEDIUM
WTH_50321,TXN_100902,ACK20260900322,ATM_0090,Bank of Baroda,31419.38,2026-08-07T21:04:25,0.5,22.559896,88.494468,22.559037,88.493083,HIGH
WTH_50322,TXN_100905,ACK20260900323,ATM_0003,State Bank of India,275071.96,2026-08-25T17:31:16.495137,3.3,17.375634,78.477335,17.373845,78.475996,MEDIUM
WTH_50323,TXN_100908,ACK20260900324,ATM_0063,ICICI Bank,384804.43,2026-08-05T10:55:39,0.5,28.642069,77.314142,28.641451,77.312638,HIGH
WTH_50324,TXN_100911,ACK20260900325,ATM_0066,Bank of Baroda,18455.05,2026-08-18T03:39:58.994672,2.52,17.322973,78.489443,17.323728,78.489082,HIGH
WTH_50325,TXN_100914,ACK20260900326,ATM_0039,Bank of Baroda,16658.36,2026-08-05T13:47:58.664100,3.36,24.223664,86.776079,24.223026,86.774487,MEDIUM
WTH_50326,TXN_100917,ACK20260900327,ATM_0002,HDFC Bank,410775.91,2026-08-19T15:36:35.068851,2.38,12.997508,77.655521,12.99671,77.654215,HIGH
WTH_50327,TXN_100920,ACK20260900328,ATM_0028,Canara Bank,57774.89,2026-08-04T15:23:31.997455,1.85,28.663388,77.253701,28.663922,77.254718,HIGH
WTH_50328,TXN_100923,ACK20260900329,ATM_0073,Axis Bank,62923.02,2026-08-02T21:21:29.620523,6.08,17.395395,78.517973,17.395685,78.516743,MEDIUM
WTH_50329,TXN_100926,ACK20260900330,ATM_0020,HDFC Bank,60708.98,2026-08-23T23:27:02.509631,1.69,22.508847,88.373349,22.504543,88.371911,HIGH
WTH_50330,TXN_100929,ACK20260900331,ATM_0113,State Bank of India,405345.41,2026-08-09T06:19:42.822891,4.87,19.053347,72.92997,19.054371,72.929633,MEDIUM
WTH_50331,TXN_100932,ACK20260900332,ATM_0040,State Bank of India,55952.6,2026-08-21T11:45:12.074126,1.57,28.006607,76.856895,28.00641,76.856933,HIGH
WTH_50332,TXN_100935,ACK20260900333,ATM_0083,Bank of Baroda,91018.83,2026-08-28T09:15:38.685953,3.32,22.618842,88.383713,22.619605,88.384986,MEDIUM
WTH_50333,TXN_100938,ACK20260900334,ATM_0034,HDFC Bank,25446.46,2026-08-28T14:36:31.718729,0.54,22.569144,88.41207,22.569078,88.411654,HIGH
WTH_50334,TXN_100941,ACK20260900335,ATM_0008,Union Bank of India,8974.51,2026-08-15T18:50:13.782539,3.01,18.993204,72.85071,18.989285,72.852175,MEDIUM
WTH_50335,TXN_100943,ACK20260900336,ATM_0087,Canara Bank,82861.34,2026-08-02T09:03:57.784934,6.54,17.381916,78.500346,17.380624,78.503897,MEDIUM
WTH_50336,TXN_100945,ACK20260900337,ATM_0063,ICICI Bank,135116.46,2026-08-08T05:06:35.262863,1.28,28.642069,77.314142,28.641537,77.317009,HIGH
WTH_50337,TXN_100948,ACK20260900338,ATM_0104,Bank of Baroda,49992.99,2026-08-25T17:30:08.520486,6.82,22.597322,88.388562,22.597053,88.390184,MEDIUM
WTH_50338,TXN_100950,ACK20260900339,ATM_0032,Axis Bank,43521.09,2026-08-16T19:05:09.117105,1.62,24.128193,86.704303,24.131364,86.705862,HIGH
WTH_50339,TXN_100953,ACK20260900340,ATM_0068,HDFC Bank,113692.09,2026-08-01T22:08:58.178205,0.64,27.933801,77.111595,27.93159,77.111165,HIGH
WTH_50340,TXN_100955,ACK20260900341,ATM_0052,Canara Bank,19553.41,2026-08-18T08:44:42.021744,0.59,17.371291,78.454609,17.37139,78.454286,HIGH
WTH_50341,TXN_100958,ACK20260900342,ATM_0076,Punjab National Bank,52287.27,2026-08-30T15:56:20,0.5,22.584624,88.38053,22.581257,88.378918,HIGH
WTH_50342,TXN_100961,ACK20260900343,ATM_0037,Union Bank of India,12058.74,2026-08-27T07:36:29.982651,1.59,12.970167,77.657186,12.97395,77.656262,HIGH
WTH_50343,TXN_100964,ACK20260900344,ATM_0074,HDFC Bank,40506.88,2026-08-01T13:14:40,0.5,24.117744,86.694363,24.118837,86.694376,HIGH
WTH_50344,TXN_100967,ACK20260900345,ATM_0001,HDFC Bank,35456.97,2026-08-09T06:32:37,0.5,19.099842,72.871063,19.097646,72.870339,HIGH
WTH_50345,TXN_100970,ACK20260900346,ATM_0083,Bank of Baroda,88147.33,2026-08-30T10:53:55.057593,8.06,22.618842,88.383713,22.620236,88.383045,MEDIUM
WTH_50346,TXN_100973,ACK20260900347,ATM_0089,HDFC Bank,408366.31,2026-08-24T07:28:22.468910,14.48,28.000936,77.104654,27.997857,77.101681,LOW
WTH_50347,TXN_100975,ACK20260900348,ATM_0050,HDFC Bank,57543.54,2026-08-27T10:26:52.332987,0.59,19.076245,72.86644,19.07971,72.870903,HIGH
WTH_50348,TXN_100978,ACK20260900349,ATM_0059,ICICI Bank,5322.95,2026-08-20T00:19:24.647337,2.03,17.383612,78.439953,17.381485,78.438206,HIGH
WTH_50349,TXN_100981,ACK20260900350,ATM_0082,Bank of Baroda,318433.27,2026-08-11T19:45:39.209459,11.88,28.083419,76.940911,28.07946,76.942407,MEDIUM
WTH_50350,TXN_100984,ACK20260900351,ATM_0023,Punjab National Bank,56014.02,2026-08-19T07:50:27.027485,2.05,12.912459,77.565806,12.912048,77.570474,HIGH
WTH_50351,TXN_100987,ACK20260900352,ATM_0107,Union Bank of India,37952.89,2026-08-28T12:12:18.791317,2.95,13.00976,77.620656,13.007301,77.621649,HIGH
WTH_50352,TXN_100990,ACK20260900353,ATM_0084,Bank of Baroda,24744.01,2026-08-02T09:09:35.010126,2.26,28.653359,77.300046,28.65031,77.300528,HIGH
WTH_50353,TXN_100992,ACK20260900354,ATM_0114,ICICI Bank,112792.59,2026-08-16T11:06:09.793652,7.14,12.974171,77.55149,12.974787,77.550707,MEDIUM
WTH_50354,TXN_100995,ACK20260900355,ATM_0024,ICICI Bank,119383.18,2026-08-07T19:22:18.300537,1.13,17.366574,78.528985,17.366325,78.52664,HIGH
WTH_50355,TXN_100998,ACK20260900356,ATM_0013,ICICI Bank,248352.81,2026-08-27T17:17:17.413828,6.97,22.54647,88.369224,22.542924,88.371748,MEDIUM
WTH_50356,TXN_101001,ACK20260900357,ATM_0085,Canara Bank,18056.45,2026-09-01T04:59:14.426568,5.02,19.064221,72.841521,19.064702,72.836682,MEDIUM
WTH_50357,TXN_101004,ACK20260900358,ATM_0094,Canara Bank,22576.99,2026-08-31T19:26:26.236706,7.02,17.40393,78.483787,17.40382,78.484358,MEDIUM
WTH_50358,TXN_101007,ACK20260900359,ATM_0078,HDFC Bank,64245.93,2026-08-13T00:20:50.856028,2.98,19.090067,72.843411,19.092399,72.843002,HIGH
WTH_50359,TXN_101010,ACK20260900360,ATM_0092,ICICI Bank,322960.09,2026-08-03T04:24:20.334644,2.5,19.024597,72.900859,19.025909,72.901248,HIGH
WTH_50360,TXN_101013,ACK20260900361,ATM_0095,Bank of Baroda,30457.66,2026-08-05T09:23:21.656136,4.07,24.148957,86.678812,24.150861,86.681014,MEDIUM
WTH_50361,TXN_101016,ACK20260900362,ATM_0013,ICICI Bank,78813.53,2026-08-27T10:20:33.954742,1.55,22.54647,88.369224,22.545217,88.370949,HIGH
WTH_50362,TXN_101018,ACK20260900363,ATM_0039,Bank of Baroda,58927.81,2026-08-11T20:14:46.623757,1.22,24.223664,86.776079,24.224694,86.77751,HIGH
WTH_50363,TXN_101021,ACK20260900364,ATM_0112,State Bank of India,6404.21,2026-08-29T02:44:06.042181,5.13,28.64684,77.13159,28.649218,77.133007,MEDIUM
WTH_50364,TXN_101024,ACK20260900365,ATM_0049,ICICI Bank,39636.54,2026-08-23T22:32:43,0.5,28.628114,77.221531,28.626474,77.221483,HIGH
WTH_50365,TXN_101027,ACK20260900366,ATM_0105,Axis Bank,28126.87,2026-08-14T21:44:50,0.5,28.638622,77.393931,28.637037,77.393315,HIGH
WTH_50366,TXN_101030,ACK20260900367,ATM_0069,ICICI Bank,409636.5,2026-08-19T08:11:18,0.5,22.535004,88.348441,22.537914,88.348447,HIGH
WTH_50367,TXN_101033,ACK20260900368,ATM_0096,Union Bank of India,159380.98,2026-08-20T00:35:59,0.5,27.967851,77.061661,27.964636,77.060136,HIGH
WTH_50368,TXN_101036,ACK20260900369,ATM_0103,Canara Bank,36778.41,2026-08-16T04:39:41.263393,5.69,27.900808,76.932477,27.900498,76.933878,MEDIUM
WTH_50369,TXN_101039,ACK20260900370,ATM_0048,State Bank of India,41258.61,2026-08-31T16:45:36.433363,2.26,22.553779,88.293651,22.55505,88.291172,HIGH
WTH_50370,TXN_101042,ACK20260900371,ATM_0021,HDFC Bank,272420.32,2026-08-31T17:32:15.255600,1.55,28.649346,77.217226,28.647637,77.217896,HIGH
WTH_50371,TXN_101044,ACK20260900372,ATM_0118,Axis Bank,47643.04,2026-08-04T19:24:48.858190,2.09,22.675509,88.394328,22.67911,88.396806,HIGH
WTH_50372,TXN_101047,ACK20260900373,ATM_0027,State Bank of India,16151.23,2026-08-30T16:11:38.970250,0.97,22.540108,88.39326,22.541795,88.394379,HIGH
WTH_50373,TXN_101050,ACK20260900374,ATM_0103,Canara Bank,65544.37,2026-08-24T12:39:40.472069,2.57,27.900808,76.932477,27.901593,76.931459,HIGH
WTH_50374,TXN_101053,ACK20260900375,ATM_0119,Punjab National Bank,23928.61,2026-08-08T16:48:32.170758,1.17,28.516693,77.21795,28.517363,77.216055,HIGH
WTH_50375,TXN_101055,ACK20260900376,ATM_0021,HDFC Bank,47620.59,2026-08-14T15:17:21.296185,1.13,28.649346,77.217226,28.64869,77.217536,HIGH
WTH_50376,TXN_101058,ACK20260900377,ATM_0067,State Bank of India,21449.25,2026-08-14T03:28:38.424179,1.33,24.131716,86.837887,24.13117,86.836332,HIGH
WTH_50377,TXN_101060,ACK20260900378,ATM_0103,Canara Bank,23515.4,2026-08-01T10:20:29.687071,1.32,27.900808,76.932477,27.901333,76.932864,HIGH
WTH_50378,TXN_101062,ACK20260900379,ATM_0067,State Bank of India,9070.92,2026-08-25T08:44:47.864573,1.66,24.131716,86.837887,24.131585,86.84185,HIGH
WTH_50379,TXN_101065,ACK20260900380,ATM_0028,Canara Bank,57500.28,2026-08-17T15:38:13.105597,4.26,28.663388,77.253701,28.665319,77.256173,MEDIUM
WTH_50380,TXN_101068,ACK20260900381,ATM_0066,Bank of Baroda,18266.95,2026-08-21T18:00:26.092737,1.24,17.322973,78.489443,17.32338,78.488874,HIGH
WTH_50381,TXN_101070,ACK20260900382,ATM_0084,Bank of Baroda,35413.01,2026-08-22T06:23:08.211080,1.56,28.653359,77.300046,28.65336,77.301248,HIGH
WTH_50382,TXN_101073,ACK20260900383,ATM_0113,State Bank of India,53936.6,2026-08-27T14:23:17.294147,0.82,19.053347,72.92997,19.050538,72.927137,HIGH
WTH_50383,TXN_101076,ACK20260900384,ATM_0118,Axis Bank,55700.87,2026-08-17T03:19:20.977866,6.65,22.675509,88.394328,22.676753,88.39205,MEDIUM
WTH_50384,TXN_101079,ACK20260900385,ATM_0028,Canara Bank,45160.87,2026-08-15T15:59:48.995892,0.85,28.663388,77.253701,28.66533,77.256906,HIGH
WTH_50385,TXN_101081,ACK20260900386,ATM_0069,ICICI Bank,21776.42,2026-08-10T18:58:16.928861,3.69,22.535004,88.348441,22.533265,88.350692,MEDIUM
WTH_50386,TXN_101084,ACK20260900387,ATM_0031,Bank of Baroda,9511.57,2026-08-01T08:33:39.326552,4.37,17.365833,78.479274,17.366218,78.478978,MEDIUM
WTH_50387,TXN_101087,ACK20260900388,ATM_0009,Canara Bank,379900.72,2026-08-25T15:49:28,0.5,12.931087,77.60717,12.931169,77.605166,HIGH
WTH_50388,TXN_101090,ACK20260900389,ATM_0116,HDFC Bank,39526.08,2026-08-21T03:39:10,0.5,24.158271,86.817317,24.15522,86.815049,HIGH
WTH_50389,TXN_101093,ACK20260900390,ATM_0072,Union Bank of India,52454.7,2026-08-05T00:09:20.811129,1.81,12.907301,77.601985,12.912126,77.603554,HIGH
WTH_50390,TXN_101095,ACK20260900391,ATM_0037,Union Bank of India,68890.81,2026-08-12T00:48:37.319985,11.59,12.970167,77.657186,12.974203,77.657619,MEDIUM
WTH_50391,TXN_101098,ACK20260900392,ATM_0095,Bank of Baroda,11099.93,2026-08-05T14:58:01.988774,5.19,24.148957,86.678812,24.149834,86.678851,MEDIUM
WTH_50392,TXN_101101,ACK20260900393,ATM_0017,Union Bank of India,30907.51,2026-08-02T07:18:48,0.5,17.38446,78.444392,17.386422,78.442908,HIGH
WTH_50393,TXN_101104,ACK20260900394,ATM_0119,Punjab National Bank,319123.14,2026-08-30T02:38:11.480796,1.63,28.516693,77.21795,28.517023,77.218052,HIGH
WTH_50394,TXN_101107,ACK20260900395,ATM_0109,ICICI Bank,47724.12,2026-08-18T11:34:34.569489,5.31,24.154874,86.781055,24.150327,86.779182,MEDIUM
WTH_50395,TXN_101110,ACK20260900396,ATM_0063,ICICI Bank,38593.11,2026-08-12T21:19:01.353195,0.91,28.642069,77.314142,28.641862,77.310856,HIGH
WTH_50396,TXN_101113,ACK20260900397,ATM_0076,Punjab National Bank,30830.05,2026-08-31T11:53:43,0.5,22.584624,88.38053,22.585698,88.380633,HIGH
WTH_50397,TXN_101116,ACK20260900398,ATM_0015,Canara Bank,95827.79,2026-08-20T16:13:34.842550,0.89,19.047169,72.863699,19.046419,72.863064,HIGH
WTH_50398,TXN_101119,ACK20260900399,ATM_0003,State Bank of India,43112.47,2026-08-22T07:02:11.562266,3.02,17.375634,78.477335,17.376285,78.476596,MEDIUM
WTH_50399,TXN_101121,ACK20260900400,ATM_0013,ICICI Bank,55441.38,2026-08-07T06:56:06.846479,3.92,22.54647,88.369224,22.544848,88.366709,MEDIUM
WTH_50400,TXN_101124,ACK20260900401,ATM_0034,HDFC Bank,16312.39,2026-08-01T09:26:59.187328,2.22,22.569144,88.41207,22.569804,88.41331,HIGH
WTH_50401,TXN_101127,ACK20260900402,ATM_0097,Union Bank of India,24709.79,2026-08-28T19:43:56.331126,11.09,22.582876,88.304105,22.579661,88.304474,MEDIUM
WTH_50402,TXN_101130,ACK20260900403,ATM_0098,Punjab National Bank,33337.19,2026-08-28T11:21:54,0.5,28.622213,77.227495,28.623896,77.22626,HIGH
WTH_50403,TXN_101133,ACK20260900404,ATM_0026,Axis Bank,6621.94,2026-08-07T12:43:01.101112,1.98,28.023334,76.972274,28.020486,76.971741,HIGH
WTH_50404,TXN_101136,ACK20260900405,ATM_0021,HDFC Bank,163159.92,2026-08-20T09:07:37.896871,11.32,28.649346,77.217226,28.649442,77.21789,MEDIUM
WTH_50405,TXN_101138,ACK20260900406,ATM_0021,HDFC Bank,144521.97,2026-08-21T18:01:11.047923,3.15,28.649346,77.217226,28.649725,77.215902,MEDIUM
WTH_50406,TXN_101141,ACK20260900407,ATM_0098,Punjab National Bank,10812.07,2026-08-02T15:05:01.237419,4.96,28.622213,77.227495,28.622043,77.225008,MEDIUM
WTH_50407,TXN_101144,ACK20260900408,ATM_0046,Bank of Baroda,301663.06,2026-08-15T16:50:44.355561,3.58,24.224466,86.877492,24.222553,86.878437,MEDIUM
WTH_50408,TXN_101147,ACK20260900409,ATM_0009,Canara Bank,56115.1,2026-08-19T09:51:41.855909,2.42,12.931087,77.60717,12.932324,77.606755,HIGH
WTH_50409,TXN_101150,ACK20260900410,ATM_0029,HDFC Bank,19823.31,2026-08-17T22:22:06.191125,0.88,19.035718,72.862858,19.037483,72.861954,HIGH
WTH_50410,TXN_101153,ACK20260900411,ATM_0075,Bank of Baroda,139005.57,2026-08-28T04:01:56.038820,1.96,28.03758,77.021383,28.037541,77.02041,HIGH
WTH_50411,TXN_101155,ACK20260900412,ATM_0052,Canara Bank,101749.74,2026-08-20T10:41:56.605007,1.19,17.371291,78.454609,17.372779,78.454247,HIGH
WTH_50412,TXN_101157,ACK20260900413,ATM_0005,Punjab National Bank,443087.83,2026-08-08T17:35:28.011889,1.74,27.966198,77.039064,27.966693,77.039365,HIGH
WTH_50413,TXN_101160,ACK20260900414,ATM_0061,Punjab National Bank,25828.14,2026-08-18T04:56:04.667408,1.55,28.056954,76.934524,28.055585,76.936105,HIGH
WTH_50414,TXN_101163,ACK20260900415,ATM_0070,Bank of Baroda,35078.92,2026-08-08T09:26:29.767770,3.74,28.652949,77.149919,28.651529,77.148724,MEDIUM
WTH_50415,TXN_101165,ACK20260900416,ATM_0047,Union Bank of India,254970.8,2026-08-22T06:18:51,0.5,27.949452,76.976408,27.948638,76.977781,HIGH
WTH_50416,TXN_101168,ACK20260900417,ATM_0062,Bank of Baroda,64095.17,2026-08-11T22:04:09.761684,2.01,22.639934,88.296611,22.641032,88.301879,HIGH
WTH_50417,TXN_101171,ACK20260900418,ATM_0104,Bank of Baroda,55085.45,2026-08-29T17:13:13.134594,1.52,22.597322,88.388562,22.596944,88.390405,HIGH
WTH_50418,TXN_101174,ACK20260900419,ATM_0053,Axis Bank,46405.9,2026-08-23T18:35:02.810769,2.41,24.203797,86.832324,24.204615,86.829673,HIGH
WTH_50419,TXN_101177,ACK20260900420,ATM_0102,State Bank of India,33147.37,2026-08-19T13:06:26.496051,6.76,24.303344,86.884304,24.298136,86.884702,MEDIUM
WTH_50420,TXN_101180,ACK20260900421,ATM_0065,ICICI Bank,43076.89,2026-08-15T15:23:10.289363,1.41,12.975586,77.574461,12.97766,77.575942,HIGH
WTH_50421,TXN_101183,ACK20260900422,ATM_0063,ICICI Bank,90751.69,2026-08-26T16:39:24.294163,7.3,28.642069,77.314142,28.638512,77.314781,MEDIUM
WTH_50422,TXN_101185,ACK20260900423,ATM_0090,Bank of Baroda,20741.81,2026-08-28T23:30:34,0.5,22.559896,88.494468,22.561276,88.489351,HIGH
WTH_50423,TXN_101188,ACK20260900424,ATM_0015,Canara Bank,47013.38,2026-08-16T22:23:53.270112,1.27,19.047169,72.863699,19.048528,72.861401,HIGH
WTH_50424,TXN_101190,ACK20260900425,ATM_0002,HDFC Bank,8497.57,2026-08-07T16:29:14.809300,1.92,12.997508,77.655521,12.995383,77.653124,HIGH
WTH_50425,TXN_101193,ACK20260900426,ATM_0076,Punjab National Bank,99349.44,2026-08-11T08:24:32.306259,0.7,22.584624,88.38053,22.586191,88.380027,HIGH
WTH_50426,TXN_101196,ACK20260900427,ATM_0025,HDFC Bank,11099.01,2026-08-28T15:54:46.753294,3.13,24.244189,86.658957,24.242992,86.659414,MEDIUM
WTH_50427,TXN_101199,ACK20260900428,ATM_0036,State Bank of India,35496.02,2026-08-01T06:24:31.153622,0.64,19.093347,72.951526,19.094184,72.954329,HIGH
WTH_50428,TXN_101201,ACK20260900429,ATM_0068,HDFC Bank,63841.85,2026-08-06T04:25:26.334371,1.23,27.933801,77.111595,27.935742,77.113202,HIGH
WTH_50429,TXN_101204,ACK20260900430,ATM_0088,Axis Bank,38334.42,2026-08-06T22:40:38.712265,2.49,24.238835,86.866175,24.240048,86.865809,HIGH
WTH_50430,TXN_101206,ACK20260900431,ATM_0102,State Bank of India,61357.88,2026-08-30T23:30:37.618168,4.39,24.303344,86.884304,24.304976,86.884156,MEDIUM
WTH_50431,TXN_101209,ACK20260900432,ATM_0008,Union Bank of India,48812.0,2026-08-14T03:04:17.129813,6.92,18.993204,72.85071,18.994882,72.849475,MEDIUM
WTH_50432,TXN_101211,ACK20260900433,ATM_0026,Axis Bank,13741.56,2026-08-29T22:07:09.971617,1.43,28.023334,76.972274,28.02545,76.974149,HIGH
WTH_50433,TXN_101214,ACK20260900434,ATM_0085,Canara Bank,33234.52,2026-08-17T13:17:27.726021,2.4,19.064221,72.841521,19.062038,72.840747,HIGH
WTH_50434,TXN_101217,ACK20260900435,ATM_0061,Punjab National Bank,188349.47,2026-08-09T06:05:50.069020,1.7,28.056954,76.934524,28.056833,76.935434,HIGH
WTH_50435,TXN_101220,ACK20260900436,ATM_0008,Union Bank of India,48271.56,2026-08-20T09:43:05.016973,5.95,18.993204,72.85071,18.994205,72.85081,MEDIUM
WTH_50436,TXN_101223,ACK20260900437,ATM_0012,HDFC Bank,343263.76,2026-08-23T06:31:49.986517,4.44,28.004862,76.897418,28.004386,76.897956,MEDIUM
WTH_50437,TXN_101226,ACK20260900438,ATM_0042,Union Bank of India,54486.13,2026-08-12T09:17:09.237238,1.77,28.684839,77.184123,28.683881,77.182397,HIGH
WTH_50438,TXN_101229,ACK20260900439,ATM_0039,Bank of Baroda,23828.05,2026-08-04T14:30:07.779296,3.91,24.223664,86.776079,24.222365,86.777623,MEDIUM
WTH_50439,TXN_101232,ACK20260900440,ATM_0111,Bank of Baroda,93349.5,2026-08-13T13:18:52.203055,6.26,22.683704,88.274271,22.682965,88.274558,MEDIUM
WTH_50440,TXN_101234,ACK20260900441,ATM_0033,Union Bank of India,44339.35,2026-08-26T19:42:12.677353,1.28,28.058502,77.097649,28.061002,77.094619,HIGH
WTH_50441,TXN_101237,ACK20260900442,ATM_0004,State Bank of India,18720.83,2026-08-28T23:59:55.838473,1.81,24.343037,86.861395,24.341965,86.85798,HIGH
WTH_50442,TXN_101240,ACK20260900443,ATM_0014,Axis Bank,81403.14,2026-08-10T08:51:27,0.5,28.558652,77.227034,28.559734,77.226727,HIGH
WTH_50443,TXN_101242,ACK20260900444,ATM_0069,ICICI Bank,101754.8,2026-08-24T13:51:22.535895,3.5,22.535004,88.348441,22.534284,88.345789,MEDIUM
WTH_50444,TXN_101245,ACK20260900445,ATM_0006,Punjab National Bank,30437.69,2026-08-11T08:48:55.630746,1.14,22.550356,88.341545,22.549342,88.338208,HIGH
WTH_50445,TXN_101248,ACK20260900446,ATM_0043,HDFC Bank,79920.07,2026-08-03T09:05:23.031574,12.35,19.037192,72.853616,19.036731,72.851768,LOW
WTH_50446,TXN_101251,ACK20260900447,ATM_0114,ICICI Bank,26977.54,2026-08-10T12:09:50.979570,1.92,12.974171,77.55149,12.971954,77.548168,HIGH
WTH_50447,TXN_101254,ACK20260900448,ATM_0069,ICICI Bank,230095.49,2026-08-27T17:47:21.343818,2.31,22.535004,88.348441,22.53316,88.346433,HIGH
WTH_50448,TXN_101257,ACK20260900449,ATM_0092,ICICI Bank,135081.82,2026-08-03T14:10:05.359119,3.24,19.024597,72.900859,19.02443,72.90123,MEDIUM
WTH_50449,TXN_101259,ACK20260900450,ATM_0038,Union Bank of India,13180.85,2026-08-13T18:51:54.129138,3.42,17.28021,78.519576,17.277611,78.521235,MEDIUM
WTH_50450,TXN_101261,ACK20260900451,ATM_0054,Union Bank of India,353900.78,2026-08-26T03:47:03.634828,4.29,28.135805,77.01257,28.132655,77.014422,MEDIUM
WTH_50451,TXN_101264,ACK20260900452,ATM_0016,Canara Bank,20263.04,2026-08-22T05:50:14.930660,7.04,12.947532,77.668691,12.948635,77.669372,MEDIUM
WTH_50452,TXN_101267,ACK20260900453,ATM_0094,Canara Bank,26361.08,2026-08-23T23:48:43.011438,4.23,17.40393,78.483787,17.402201,78.487178,MEDIUM
WTH_50453,TXN_101270,ACK20260900454,ATM_0016,Canara Bank,19697.02,2026-08-04T22:23:06.008008,1.02,12.947532,77.668691,12.948676,77.668567,HIGH
WTH_50454,TXN_101273,ACK20260900455,ATM_0044,State Bank of India,118671.52,2026-08-21T11:08:19.403733,0.73,13.008216,77.60775,13.006487,77.607468,HIGH
WTH_50455,TXN_101276,ACK20260900456,ATM_0026,Axis Bank,49992.39,2026-08-26T08:50:28.898022,1.99,28.023334,76.972274,28.02246,76.969061,HIGH
WTH_50456,TXN_101279,ACK20260900457,ATM_0007,HDFC Bank,5101.23,2026-08-08T19:22:55.153041,3.55,28.625514,77.117163,28.627129,77.115217,MEDIUM
WTH_50457,TXN_101282,ACK20260900458,ATM_0087,Canara Bank,324827.72,2026-08-30T16:32:48,0.5,17.381916,78.500346,17.380348,78.498965,HIGH
WTH_50458,TXN_101285,ACK20260900459,ATM_0055,HDFC Bank,57453.77,2026-08-28T11:41:06,0.5,22.584962,88.360327,22.588372,88.359725,HIGH
WTH_50459,TXN_101288,ACK20260900460,ATM_0054,Union Bank of India,131602.83,2026-08-17T14:45:12,0.5,28.135805,77.01257,28.136804,77.013514,HIGH
WTH_50460,TXN_101291,ACK20260900461,ATM_0118,Axis Bank,334635.51,2026-08-12T15:26:55.051311,0.78,22.675509,88.394328,22.678343,88.395691,HIGH
WTH_50461,TXN_101294,ACK20260900462,ATM_0017,Union Bank of India,116363.19,2026-08-10T22:26:55,0.5,17.38446,78.444392,17.385827,78.443973,HIGH
WTH_50462,TXN_101297,ACK20260900463,ATM_0075,Bank of Baroda,28735.95,2026-08-06T12:51:09.582252,1.1,28.03758,77.021383,28.039201,77.020844,HIGH
WTH_50463,TXN_101300,ACK20260900464,ATM_0048,State Bank of India,53644.91,2026-08-21T12:41:10.691245,2.12,22.553779,88.293651,22.551102,88.295037,HIGH
WTH_50464,TXN_101303,ACK20260900465,ATM_0035,State Bank of India,40367.61,2026-08-05T13:03:19.117691,2.05,28.631259,77.178034,28.632336,77.178402,HIGH
WTH_50465,TXN_101306,ACK20260900466,ATM_0008,Union Bank of India,50963.75,2026-08-04T12:58:34,0.5,18.993204,72.85071,18.993255,72.846871,HIGH
WTH_50466,TXN_101309,ACK20260900467,ATM_0010,Punjab National Bank,30376.37,2026-08-10T08:15:27.036884,9.17,17.348679,78.430208,17.349183,78.429456,MEDIUM
WTH_50467,TXN_101312,ACK20260900468,ATM_0119,Punjab National Bank,22368.35,2026-08-24T13:57:09.953374,1.05,28.516693,77.21795,28.516135,77.21739,HIGH
WTH_50468,TXN_101314,ACK20260900469,ATM_0069,ICICI Bank,44820.19,2026-08-23T23:32:27.825490,5.89,22.535004,88.348441,22.533615,88.349101,MEDIUM
WTH_50469,TXN_101317,ACK20260900470,ATM_0092,ICICI Bank,27918.89,2026-08-15T23:42:42.070833,1.01,19.024597,72.900859,19.030495,72.903348,HIGH
WTH_50470,TXN_101319,ACK20260900471,ATM_0088,Axis Bank,18841.31,2026-08-04T17:47:31.052762,6.17,24.238835,86.866175,24.237499,86.868186,MEDIUM
WTH_50471,TXN_101322,ACK20260900472,ATM_0104,Bank of Baroda,46365.67,2026-08-16T12:33:34.441143,2.47,22.597322,88.388562,22.596862,88.386859,HIGH
WTH_50472,TXN_101325,ACK20260900473,ATM_0098,Punjab National Bank,28484.3,2026-08-04T16:47:57.320916,0.75,28.622213,77.227495,28.623048,77.229189,HIGH
WTH_50473,TXN_101327,ACK20260900474,ATM_0115,Axis Bank,27737.92,2026-08-04T03:57:39.715270,4.83,17.356388,78.513884,17.360501,78.511622,MEDIUM
WTH_50474,TXN_101330,ACK20260900475,ATM_0076,Punjab National Bank,95045.55,2026-08-18T23:51:19.012686,0.69,22.584624,88.38053,22.58255,88.382018,HIGH
WTH_50475,TXN_101332,ACK20260900476,ATM_0042,Union Bank of India,9034.82,2026-08-21T05:48:32.311294,0.62,28.684839,77.184123,28.68342,77.181606,HIGH
WTH_50476,TXN_101335,ACK20260900477,ATM_0022,State Bank of India,53286.65,2026-08-08T12:16:20.673013,2.56,19.070449,72.863247,19.067614,72.864447,HIGH
WTH_50477,TXN_101338,ACK20260900478,ATM_0060,Punjab National Bank,19179.75,2026-08-07T05:27:56.166886,0.93,24.308126,86.860155,24.310169,86.864332,HIGH
WTH_50478,TXN_101341,ACK20260900479,ATM_0116,HDFC Bank,20697.51,2026-08-15T05:37:12.076400,2.72,24.158271,86.817317,24.160443,86.819427,HIGH
WTH_50479,TXN_101344,ACK20260900480,ATM_0021,HDFC Bank,148603.42,2026-08-11T15:23:31.059040,1.86,28.649346,77.217226,28.650002,77.219075,HIGH
WTH_50480,TXN_101347,ACK20260900481,ATM_0078,HDFC Bank,45387.43,2026-08-05T11:08:24.120187,3.26,19.090067,72.843411,19.089396,72.841832,MEDIUM
WTH_50481,TXN_101349,ACK20260900482,ATM_0086,Union Bank of India,25947.65,2026-08-09T20:01:27.466338,0.81,12.936019,77.561968,12.937736,77.561499,HIGH
WTH_50482,TXN_101351,ACK20260900483,ATM_0078,HDFC Bank,20932.29,2026-08-22T18:40:16.749804,1.9,19.090067,72.843411,19.089976,72.841881,HIGH
WTH_50483,TXN_101353,ACK20260900484,ATM_0053,Axis Bank,61812.5,2026-08-23T18:25:29.410310,4.08,24.203797,86.832324,24.204358,86.835841,MEDIUM
WTH_50484,TXN_101356,ACK20260900485,ATM_0112,State Bank of India,13690.38,2026-08-14T17:46:20.223119,6.49,28.64684,77.13159,28.642668,77.131216,MEDIUM
WTH_50485,TXN_101359,ACK20260900486,ATM_0045,Union Bank of India,57268.07,2026-08-22T18:24:19.485441,0.71,17.36381,78.507231,17.36221,78.507104,HIGH
WTH_50486,TXN_101362,ACK20260900487,ATM_0117,Punjab National Bank,106181.15,2026-08-24T02:16:40.106256,8.12,28.003281,76.953085,28.00273,76.954966,MEDIUM
WTH_50487,TXN_101365,ACK20260900488,ATM_0108,State Bank of India,49347.0,2026-08-27T05:13:22,0.5,17.372389,78.517059,17.371176,78.517482,HIGH
WTH_50488,TXN_101368,ACK20260900489,ATM_0104,Bank of Baroda,59951.82,2026-08-13T09:18:38.687722,1.99,22.597322,88.388562,22.595166,88.387185,HIGH
WTH_50489,TXN_101371,ACK20260900490,ATM_0112,State Bank of India,42446.61,2026-08-13T00:11:25,0.5,28.64684,77.13159,28.645631,77.127179,HIGH
WTH_50490,TXN_101374,ACK20260900491,ATM_0080,Axis Bank,44556.71,2026-08-08T20:27:26.700545,4.32,17.337348,78.512962,17.33693,78.517182,MEDIUM
WTH_50491,TXN_101377,ACK20260900492,ATM_0108,State Bank of India,46680.78,2026-08-04T07:10:02,0.5,17.372389,78.517059,17.373304,78.519971,HIGH
WTH_50492,TXN_101380,ACK20260900493,ATM_0077,Bank of Baroda,17922.88,2026-08-11T18:33:55.482055,5.69,28.581259,77.220148,28.57897,77.220263,MEDIUM
WTH_50493,TXN_101383,ACK20260900494,ATM_0027,State Bank of India,80826.43,2026-08-14T20:23:00.796773,4.75,22.540108,88.39326,22.539222,88.392301,MEDIUM
WTH_50494,TXN_101386,ACK20260900495,ATM_0011,Canara Bank,56711.57,2026-08-22T21:54:04.512386,8.36,24.333952,86.781938,24.335035,86.784821,MEDIUM
WTH_50495,TXN_101389,ACK20260900496,ATM_0108,State Bank of India,9350.31,2026-08-14T04:08:46.760544,3.03,17.372389,78.517059,17.370324,78.517855,MEDIUM
WTH_50496,TXN_101392,ACK20260900497,ATM_0075,Bank of Baroda,184379.11,2026-08-10T04:40:44.637131,1.11,28.03758,77.021383,28.036319,77.019367,HIGH
WTH_50497,TXN_101395,ACK20260900498,ATM_0079,Bank of Baroda,194462.27,2026-08-14T07:36:40.385938,1.94,13.046231,77.613553,13.046262,77.615358,HIGH
WTH_50498,TXN_101398,ACK20260900499,ATM_0049,ICICI Bank,209959.61,2026-08-09T02:34:28.282758,6.04,28.628114,77.221531,28.630331,77.222725,MEDIUM
WTH_50499,TXN_101401,ACK20260900500,ATM_0059,ICICI Bank,379583.26,2026-08-03T19:09:44.278215,1.07,17.383612,78.439953,17.383956,78.44106,HIGH
WTH_50500,TXN_101403,ACK20260900501,ATM_0007,HDFC Bank,56984.42,2026-08-12T12:28:09.506790,0.74,28.625514,77.117163,28.623487,77.118565,HIGH
WTH_50501,TXN_101406,ACK20260900502,ATM_0087,Canara Bank,48646.45,2026-08-10T05:51:49.180606,3.8,17.381916,78.500346,17.383021,78.501597,MEDIUM
WTH_50502,TXN_101409,ACK20260900503,ATM_0069,ICICI Bank,5593.95,2026-08-01T06:39:13,0.5,22.535004,88.348441,22.533105,88.35131,HIGH
WTH_50503,TXN_101411,ACK20260900504,ATM_0012,HDFC Bank,67973.23,2026-08-08T02:42:21.714423,1.05,28.004862,76.897418,28.005561,76.894288,HIGH
WTH_50504,TXN_101414,ACK20260900505,ATM_0002,HDFC Bank,49740.85,2026-08-18T04:56:36.567433,1.37,12.997508,77.655521,12.998849,77.654936,HIGH
WTH_50505,TXN_101416,ACK20260900506,ATM_0047,Union Bank of India,18603.91,2026-08-06T11:07:05.965461,3.01,27.949452,76.976408,27.950966,76.977633,MEDIUM
WTH_50506,TXN_101418,ACK20260900507,ATM_0017,Union Bank of India,24119.74,2026-08-07T19:13:51,0.5,17.38446,78.444392,17.38689,78.443197,HIGH
WTH_50507,TXN_101421,ACK20260900508,ATM_0016,Canara Bank,314642.52,2026-08-07T22:43:51.048644,3.72,12.947532,77.668691,12.948776,77.671349,MEDIUM
WTH_50508,TXN_101423,ACK20260900509,ATM_0014,Axis Bank,334510.81,2026-08-05T02:29:09.962545,2.9,28.558652,77.227034,28.560586,77.227695,HIGH
WTH_50509,TXN_101426,ACK20260900510,ATM_0109,ICICI Bank,15269.21,2026-08-06T13:15:51.327856,16.36,24.154874,86.781055,24.154171,86.784182,LOW
WTH_50510,TXN_101428,ACK20260900511,ATM_0032,Axis Bank,16630.64,2026-08-21T18:16:35.807929,0.91,24.128193,86.704303,24.1296,86.704621,HIGH
WTH_50511,TXN_101430,ACK20260900512,ATM_0022,State Bank of India,40432.31,2026-08-14T14:57:53.174225,2.63,19.070449,72.863247,19.0717,72.865017,HIGH
WTH_50512,TXN_101433,ACK20260900513,ATM_0042,Union Bank of India,41681.49,2026-08-04T12:14:26.368453,2.12,28.684839,77.184123,28.687218,77.186465,HIGH
WTH_50513,TXN_101435,ACK20260900514,ATM_0017,Union Bank of India,39676.19,2026-08-20T10:14:23.694269,0.64,17.38446,78.444392,17.388385,78.444399,HIGH
WTH_50514,TXN_101438,ACK20260900515,ATM_0031,Bank of Baroda,44325.38,2026-08-25T21:29:56.963611,1.13,17.365833,78.479274,17.366641,78.47723,HIGH
WTH_50515,TXN_101440,ACK20260900516,ATM_0055,HDFC Bank,342942.28,2026-08-16T18:00:11.771594,4.27,22.584962,88.360327,22.588936,88.359265,MEDIUM
WTH_50516,TXN_101443,ACK20260900517,ATM_0007,HDFC Bank,202311.56,2026-08-18T16:21:34,0.5,28.625514,77.117163,28.62656,77.119825,HIGH
WTH_50517,TXN_101446,ACK20260900518,ATM_0051,Axis Bank,10103.37,2026-08-18T21:14:55.262839,5.68,12.914985,77.577774,12.915072,77.57889,MEDIUM
WTH_50518,TXN_101449,ACK20260900519,ATM_0035,State Bank of India,42170.54,2026-08-13T23:49:46.571935,0.58,28.631259,77.178034,28.62795,77.179112,HIGH
WTH_50519,TXN_101452,ACK20260900520,ATM_0005,Punjab National Bank,57382.05,2026-08-27T16:53:29.723621,3.14,27.966198,77.039064,27.965266,77.038762,MEDIUM
WTH_50520,TXN_101455,ACK20260900521,ATM_0055,HDFC Bank,47264.2,2026-08-20T06:45:10,0.5,22.584962,88.360327,22.586825,88.36085,HIGH
WTH_50521,TXN_101457,ACK20260900522,ATM_0018,Punjab National Bank,56426.56,2026-08-17T13:01:36.763668,0.83,24.282504,86.702333,24.283763,86.700724,HIGH
WTH_50522,TXN_101460,ACK20260900523,ATM_0077,Bank of Baroda,105640.97,2026-08-22T17:18:08.226200,20.62,28.581259,77.220148,28.581836,77.220298,LOW
WTH_50523,TXN_101463,ACK20260900524,ATM_0008,Union Bank of India,41252.21,2026-08-04T03:05:38,0.5,18.993204,72.85071,18.992171,72.850317,HIGH
WTH_50524,TXN_101466,ACK20260900525,ATM_0027,State Bank of India,45745.29,2026-08-02T11:03:19,0.5,22.540108,88.39326,22.538789,88.39185,HIGH
WTH_50525,TXN_101468,ACK20260900526,ATM_0011,Canara Bank,7528.71,2026-08-04T17:31:49,0.5,24.333952,86.781938,24.33344,86.781455,HIGH
WTH_50526,TXN_101471,ACK20260900527,ATM_0118,Axis Bank,31355.75,2026-08-03T22:02:15.631973,1.14,22.675509,88.394328,22.674284,88.396432,HIGH
WTH_50527,TXN_101474,ACK20260900528,ATM_0110,Canara Bank,8449.79,2026-08-11T10:08:39,0.5,27.965054,77.005895,27.963514,77.003303,HIGH
WTH_50528,TXN_101477,ACK20260900529,ATM_0099,HDFC Bank,36595.92,2026-08-18T03:32:44.189364,0.83,19.033575,72.885079,19.032816,72.885743,HIGH
WTH_50529,TXN_101480,ACK20260900530,ATM_0116,HDFC Bank,101218.84,2026-08-25T15:41:19.961356,0.59,24.158271,86.817317,24.158208,86.81562,HIGH
WTH_50530,TXN_101483,ACK20260900531,ATM_0026,Axis Bank,31719.6,2026-08-04T03:11:32.935293,5.7,28.023334,76.972274,28.023807,76.970148,MEDIUM
WTH_50531,TXN_101485,ACK20260900532,ATM_0100,Axis Bank,15717.78,2026-08-28T05:48:48.842558,3.42,12.973928,77.548881,12.973737,77.545329,MEDIUM
WTH_50532,TXN_101488,ACK20260900533,ATM_0009,Canara Bank,48286.68,2026-08-30T14:25:17.987173,1.28,12.931087,77.60717,12.928715,77.602526,HIGH
WTH_50533,TXN_101491,ACK20260900534,ATM_0098,Punjab National Bank,48056.83,2026-08-21T10:22:39.158084,3.85,28.622213,77.227495,28.623177,77.228232,MEDIUM
WTH_50534,TXN_101494,ACK20260900535,ATM_0020,HDFC Bank,54567.06,2026-08-05T09:04:24.040496,6.42,22.508847,88.373349,22.506478,88.37235,MEDIUM
WTH_50535,TXN_101497,ACK20260900536,ATM_0046,Bank of Baroda,246182.17,2026-08-06T08:53:53.772934,2.37,24.224466,86.877492,24.22696,86.877368,HIGH
WTH_50536,TXN_101499,ACK20260900537,ATM_0022,State Bank of India,21404.37,2026-08-11T23:50:26.120202,1.83,19.070449,72.863247,19.069397,72.859318,HIGH
WTH_50537,TXN_101502,ACK20260900538,ATM_0038,Union Bank of India,91065.25,2026-08-18T00:15:23.337238,0.77,17.28021,78.519576,17.284018,78.522828,HIGH
WTH_50538,TXN_101505,ACK20260900539,ATM_0104,Bank of Baroda,46104.5,2026-08-31T08:26:26.360951,0.91,22.597322,88.388562,22.593129,88.39029,HIGH
WTH_50539,TXN_101508,ACK20260900540,ATM_0094,Canara Bank,121655.07,2026-08-14T20:24:00.759506,2.96,17.40393,78.483787,17.402752,78.482112,HIGH
WTH_50540,TXN_101511,ACK20260900541,ATM_0010,Punjab National Bank,88474.26,2026-08-03T10:01:33.706017,6.11,17.348679,78.430208,17.34944,78.429826,MEDIUM
WTH_50541,TXN_101513,ACK20260900542,ATM_0097,Union Bank of India,30350.17,2026-08-08T15:20:48.415247,0.54,22.582876,88.304105,22.585312,88.303079,HIGH
WTH_50542,TXN_101515,ACK20260900543,ATM_0093,Axis Bank,55304.2,2026-08-01T14:46:06.621240,2.85,12.962661,77.62316,12.963464,77.624097,HIGH
WTH_50543,TXN_101518,ACK20260900544,ATM_0090,Bank of Baroda,60787.31,2026-08-02T01:16:27.761555,0.87,22.559896,88.494468,22.560713,88.493852,HIGH
WTH_50544,TXN_101521,ACK20260900545,ATM_0033,Union Bank of India,62300.02,2026-08-26T19:14:08,0.5,28.058502,77.097649,28.059094,77.098399,HIGH
WTH_50545,TXN_101524,ACK20260900546,ATM_0016,Canara Bank,35649.86,2026-08-27T21:36:54.142163,0.58,12.947532,77.668691,12.943358,77.667522,HIGH
WTH_50546,TXN_101527,ACK20260900547,ATM_0008,Union Bank of India,25323.58,2026-08-16T06:03:10.217724,8.87,18.993204,72.85071,18.991892,72.849244,MEDIUM
WTH_50547,TXN_101530,ACK20260900548,ATM_0081,Canara Bank,55417.71,2026-08-21T21:18:57.795725,2.2,24.138725,86.862967,24.137511,86.863882,HIGH
WTH_50548,TXN_101533,ACK20260900549,ATM_0001,HDFC Bank,12895.97,2026-08-16T04:03:52.323839,3.18,19.099842,72.871063,19.102185,72.870332,MEDIUM
WTH_50549,TXN_101536,ACK20260900550,ATM_0004,State Bank of India,85494.91,2026-08-04T13:18:33.151207,2.5,24.343037,86.861395,24.344573,86.861826,HIGH
WTH_50550,TXN_101539,ACK20260900551,ATM_0044,State Bank of India,7742.35,2026-08-28T12:08:57,0.5,13.008216,77.60775,13.008329,77.606726,HIGH
WTH_50551,TXN_101542,ACK20260900552,ATM_0067,State Bank of India,49009.93,2026-08-21T10:36:34.050574,0.61,24.131716,86.837887,24.131625,86.837039,HIGH
WTH_50552,TXN_101545,ACK20260900553,ATM_0018,Punjab National Bank,41541.85,2026-08-14T18:16:28.091164,3.28,24.282504,86.702333,24.280875,86.70124,MEDIUM
WTH_50553,TXN_101547,ACK20260900554,ATM_0093,Axis Bank,72974.49,2026-08-09T20:13:49.452410,1.74,12.962661,77.62316,12.96159,77.623877,HIGH
WTH_50554,TXN_101550,ACK20260900555,ATM_0072,Union Bank of India,407068.88,2026-08-08T01:47:57.642300,3.96,12.907301,77.601985,12.908787,77.602213,MEDIUM
WTH_50555,TXN_101553,ACK20260900556,ATM_0074,HDFC Bank,84318.33,2026-08-10T20:14:33,0.5,24.117744,86.694363,24.11794,86.696955,HIGH
WTH_50556,TXN_101556,ACK20260900557,ATM_0003,State Bank of India,17953.14,2026-08-16T03:16:18.923632,1.48,17.375634,78.477335,17.376645,78.477727,HIGH
WTH_50557,TXN_101558,ACK20260900558,ATM_0096,Union Bank of India,47859.8,2026-08-02T21:58:50.946222,3.97,27.967851,77.061661,27.969589,77.06075,MEDIUM
WTH_50558,TXN_101560,ACK20260900559,ATM_0109,ICICI Bank,68669.87,2026-08-13T03:57:16.463766,1.16,24.154874,86.781055,24.156857,86.783132,HIGH
WTH_50559,TXN_101562,ACK20260900560,ATM_0098,Punjab National Bank,31703.55,2026-08-27T12:11:06,0.5,28.622213,77.227495,28.618934,77.22671,HIGH
WTH_50560,TXN_101565,ACK20260900561,ATM_0041,Canara Bank,33977.86,2026-08-28T03:07:33.709794,9.59,22.562056,88.381041,22.561119,88.378732,MEDIUM
WTH_50561,TXN_101568,ACK20260900562,ATM_0059,ICICI Bank,423351.82,2026-08-05T23:32:28.555287,12.06,17.383612,78.439953,17.383782,78.433971,LOW
WTH_50562,TXN_101571,ACK20260900563,ATM_0109,ICICI Bank,51486.43,2026-08-03T12:54:02.119032,3.8,24.154874,86.781055,24.156523,86.782687,MEDIUM
WTH_50563,TXN_101573,ACK20260900564,ATM_0064,Bank of Baroda,48176.55,2026-08-15T18:18:37.303618,5.95,19.028454,72.850518,19.026556,72.854013,MEDIUM
WTH_50564,TXN_101576,ACK20260900565,ATM_0038,Union Bank of India,59974.57,2026-08-04T12:19:23.539556,7.91,17.28021,78.519576,17.27967,78.520764,MEDIUM
WTH_50565,TXN_101579,ACK20260900566,ATM_0022,State Bank of India,17085.97,2026-08-21T04:28:53.574860,0.74,19.070449,72.863247,19.069391,72.861134,HIGH
WTH_50566,TXN_101582,ACK20260900567,ATM_0044,State Bank of India,58509.14,2026-08-07T05:30:32,0.5,13.008216,77.60775,13.008675,77.611175,HIGH
WTH_50567,TXN_101585,ACK20260900568,ATM_0028,Canara Bank,329998.75,2026-08-20T17:11:20.061593,1.25,28.663388,77.253701,28.660651,77.257676,HIGH
WTH_50568,TXN_101588,ACK20260900569,ATM_0113,State Bank of India,59522.32,2026-08-13T13:47:45.277873,1.48,19.053347,72.92997,19.055051,72.932473,HIGH
WTH_50569,TXN_101591,ACK20260900570,ATM_0007,HDFC Bank,89570.95,2026-08-29T07:02:20.889727,8.0,28.625514,77.117163,28.622204,77.115243,MEDIUM
WTH_50570,TXN_101594,ACK20260900571,ATM_0066,Bank of Baroda,46887.03,2026-08-07T01:07:30.579554,3.01,17.322973,78.489443,17.320917,78.489249,MEDIUM
WTH_50571,TXN_101597,ACK20260900572,ATM_0062,Bank of Baroda,179940.21,2026-08-25T09:57:04.324750,4.7,22.639934,88.296611,22.640078,88.296187,MEDIUM
WTH_50572,TXN_101600,ACK20260900573,ATM_0035,State Bank of India,59957.51,2026-08-10T23:41:43.125333,0.66,28.631259,77.178034,28.62777,77.179198,HIGH
WTH_50573,TXN_101602,ACK20260900574,ATM_0120,State Bank of India,16532.69,2026-08-25T00:02:02.859111,1.49,19.044234,72.918617,19.043407,72.922392,HIGH
WTH_50574,TXN_101605,ACK20260900575,ATM_0024,ICICI Bank,196923.8,2026-08-06T10:27:55.902224,1.02,17.366574,78.528985,17.362843,78.531042,HIGH
WTH_50575,TXN_101608,ACK20260900576,ATM_0019,Axis Bank,259348.97,2026-08-10T05:47:46.434611,2.27,28.015038,76.858904,28.012464,76.85611,HIGH
WTH_50576,TXN_101611,ACK20260900577,ATM_0080,Axis Bank,10350.15,2026-08-07T10:52:52.107933,0.82,17.337348,78.512962,17.337211,78.511259,HIGH
WTH_50577,TXN_101614,ACK20260900578,ATM_0082,Bank of Baroda,19665.42,2026-08-22T18:20:35.638744,0.88,28.083419,76.940911,28.08582,76.939985,HIGH
WTH_50578,TXN_101617,ACK20260900579,ATM_0044,State Bank of India,119443.29,2026-08-14T15:26:09.522460,2.15,13.008216,77.60775,13.009038,77.607376,HIGH
WTH_50579,TXN_101619,ACK20260900580,ATM_0094,Canara Bank,345122.04,2026-08-10T09:48:19,0.5,17.40393,78.483787,17.398953,78.482471,HIGH
WTH_50580,TXN_101622,ACK20260900581,ATM_0031,Bank of Baroda,194639.14,2026-08-18T10:45:57.526896,12.41,17.365833,78.479274,17.36928,78.480272,LOW
WTH_50581,TXN_101625,ACK20260900582,ATM_0014,Axis Bank,35367.72,2026-08-19T17:35:08,0.5,28.558652,77.227034,28.559872,77.227348,HIGH
WTH_50582,TXN_101628,ACK20260900583,ATM_0117,Punjab National Bank,57304.78,2026-08-11T20:55:50.643563,1.53,28.003281,76.953085,27.99891,76.955373,HIGH
WTH_50583,TXN_101630,ACK20260900584,ATM_0001,HDFC Bank,129145.86,2026-08-05T11:28:26.562939,3.31,19.099842,72.871063,19.097099,72.869644,MEDIUM
WTH_50584,TXN_101633,ACK20260900585,ATM_0014,Axis Bank,120141.53,2026-08-04T04:30:05.107425,1.87,28.558652,77.227034,28.560967,77.229607,HIGH
WTH_50585,TXN_101636,ACK20260900586,ATM_0006,Punjab National Bank,31062.04,2026-08-06T09:19:01.845333,0.7,22.550356,88.341545,22.550991,88.340879,HIGH
WTH_50586,TXN_101639,ACK20260900587,ATM_0087,Canara Bank,26898.1,2026-08-06T18:02:24.512348,0.64,17.381916,78.500346,17.382222,78.502382,HIGH
WTH_50587,TXN_101642,ACK20260900588,ATM_0084,Bank of Baroda,60840.84,2026-08-14T17:59:08.154912,4.6,28.653359,77.300046,28.65381,77.301431,MEDIUM
WTH_50588,TXN_101645,ACK20260900589,ATM_0034,HDFC Bank,399353.03,2026-08-09T05:52:30.745535,4.89,22.569144,88.41207,22.573124,88.412772,MEDIUM
WTH_50589,TXN_101648,ACK20260900590,ATM_0041,Canara Bank,51180.48,2026-08-16T05:41:13.419851,6.09,22.562056,88.381041,22.562524,88.380544,MEDIUM
WTH_50590,TXN_101651,ACK20260900591,ATM_0025,HDFC Bank,41341.53,2026-08-09T06:59:51.505836,1.98,24.244189,86.658957,24.245653,86.65853,HIGH
WTH_50591,TXN_101654,ACK20260900592,ATM_0015,Canara Bank,27260.23,2026-08-25T10:32:48.273632,2.32,19.047169,72.863699,19.043267,72.863986,HIGH
WTH_50592,TXN_101657,ACK20260900593,ATM_0050,HDFC Bank,209439.95,2026-08-30T06:24:06,0.5,19.076245,72.86644,19.07926,72.865056,HIGH
WTH_50593,TXN_101660,ACK20260900594,ATM_0113,State Bank of India,14783.28,2026-08-26T12:01:22.740160,5.73,19.053347,72.92997,19.053088,72.93113,MEDIUM
WTH_50594,TXN_101663,ACK20260900595,ATM_0118,Axis Bank,18507.01,2026-08-28T08:04:32.962014,16.24,22.675509,88.394328,22.675656,88.393655,LOW
WTH_50595,TXN_101666,ACK20260900596,ATM_0055,HDFC Bank,29032.09,2026-08-02T20:36:21,0.5,22.584962,88.360327,22.582376,88.361472,HIGH
WTH_50596,TXN_101669,ACK20260900597,ATM_0011,Canara Bank,15531.16,2026-08-10T14:51:25.738890,1.89,24.333952,86.781938,24.333296,86.781261,HIGH
WTH_50597,TXN_101671,ACK20260900598,ATM_0010,Punjab National Bank,162179.39,2026-08-31T06:10:14.692670,7.99,17.348679,78.430208,17.34829,78.428696,MEDIUM
WTH_50598,TXN_101674,ACK20260900599,ATM_0064,Bank of Baroda,59191.73,2026-08-21T00:42:21.220965,0.62,19.028454,72.850518,19.027707,72.849503,HIGH
WTH_50599,TXN_101677,ACK20260900600,ATM_0096,Union Bank of India,46668.31,2026-08-01T01:49:49,0.5,27.967851,77.061661,27.964032,77.064298,HIGH
