complaint_ack_id,crime_category,victim_account_number,fraudster_phone,loss_amount,incident_timestamp,reported_timestamp,origin_hub,latitude,longitude,status
ACK20260900001,UPI_FRAUD,VIC_ACC_0288,+91-8475782070,55639.0,2026-08-07T11:35:18,2026-08-07T13:20:18,Jamtara_Deoghar,24.153298,86.790821,REGISTERED
ACK20260900002,UPI_FRAUD,VIC_ACC_0192,+91-8668262610,31090.0,2026-08-26T10:35:23,2026-08-26T13:32:23,Jamtara_Deoghar,24.18996,86.774572,REGISTERED
ACK20260900003,JOB_SCAM,VIC_ACC_0264,+91-9020149221,41299.0,2026-08-05T10:59:39,2026-08-05T16:55:39,Hyderabad_Cyber,17.334565,78.523414,REGISTERED
ACK20260900004,UPI_FRAUD,VIC_ACC_0170,+91-8555144803,8492.0,2026-08-22T03:26:37,2026-08-22T09:11:37,Jamtara_Deoghar,24.110553,86.947497,REGISTERED
ACK20260900005,INVESTMENT_SCAM,VIC_ACC_0088,+91-9230641745,127477.0,2026-08-17T20:46:39,2026-08-18T03:45:39,Kolkata_East,22.593903,88.401082,REGISTERED
ACK20260900006,INVESTMENT_SCAM,VIC_ACC_0215,+91-9003671814,313097.0,2026-08-05T13:44:13,2026-08-05T21:14:13,Kolkata_East,22.510443,88.358854,REGISTERED
ACK20260900007,UPI_FRAUD,VIC_ACC_0089,+91-8586535200,39650.0,2026-08-15T17:21:34,2026-08-15T23:53:34,Jamtara_Deoghar,24.181496,86.810459,REGISTERED
ACK20260900008,INVESTMENT_SCAM,VIC_ACC_0246,+91-8879198686,200884.0,2026-08-12T17:59:59,2026-08-12T23:09:59,Delhi_NCR,28.633339,77.252667,REGISTERED
ACK20260900009,CUSTOMER_CARE_PHISHING,VIC_ACC_0075,+91-9149443612,50398.0,2026-08-10T01:18:45,2026-08-10T03:08:45,Hyderabad_Cyber,17.387792,78.471287,REGISTERED
ACK20260900010,JOB_SCAM,VIC_ACC_0123,+91-7762916880,49579.0,2026-08-08T01:42:57,2026-08-08T11:15:57,Mewat_Region,27.95571,77.152015,REGISTERED
ACK20260900011,INVESTMENT_SCAM,VIC_ACC_0081,+91-7653547649,300320.0,2026-08-14T20:59:56,2026-08-15T05:36:56,Mewat_Region,28.020231,76.955166,REGISTERED
ACK20260900012,UPI_FRAUD,VIC_ACC_0091,+91-9858347941,29420.0,2026-08-30T01:53:25,2026-08-30T10:50:25,Mewat_Region,27.955199,76.974405,REGISTERED
ACK20260900013,CUSTOMER_CARE_PHISHING,VIC_ACC_0259,+91-9395770150,48343.0,2026-08-15T08:12:51,2026-08-15T10:37:51,Mumbai_Metro,19.115017,72.907922,REGISTERED
ACK20260900014,IMPERSONATION_I4C_POLICE,VIC_ACC_0208,+91-7312534219,57538.0,2026-08-27T13:32:20,2026-08-27T15:30:20,Mewat_Region,27.871288,76.912119,REGISTERED
ACK20260900015,UPI_FRAUD,VIC_ACC_0169,+91-8178140972,39282.0,2026-08-10T18:46:36,2026-08-10T19:27:36,Mewat_Region,27.984327,77.079112,REGISTERED
ACK20260900016,IMPERSONATION_I4C_POLICE,VIC_ACC_0160,+91-7723638721,53174.0,2026-08-23T03:40:58,2026-08-23T09:12:58,Jamtara_Deoghar,24.217672,86.874475,REGISTERED
ACK20260900017,IMPERSONATION_I4C_POLICE,VIC_ACC_0112,+91-8463979228,15730.0,2026-08-25T07:43:48,2026-08-25T18:23:48,Jamtara_Deoghar,24.242633,86.789589,REGISTERED
ACK20260900018,INVESTMENT_SCAM,VIC_ACC_0259,+91-8705067912,222028.0,2026-08-07T18:34:09,2026-08-07T21:52:09,Kolkata_East,22.486582,88.342455,REGISTERED
ACK20260900019,INVESTMENT_SCAM,VIC_ACC_0263,+91-9644150392,292419.0,2026-08-14T14:36:03,2026-08-15T00:38:03,Mewat_Region,28.044937,77.045241,REGISTERED
ACK20260900020,JOB_SCAM,VIC_ACC_0278,+91-7589727750,57629.0,2026-08-02T02:59:30,2026-08-02T04:01:30,Hyderabad_Cyber,17.301399,78.557517,REGISTERED
ACK20260900021,CUSTOMER_CARE_PHISHING,VIC_ACC_0194,+91-9818955582,22431.0,2026-08-13T02:43:42,2026-08-13T12:25:42,Mewat_Region,28.029731,76.959412,REGISTERED
ACK20260900022,JOB_SCAM,VIC_ACC_0115,+91-9356381361,80686.0,2026-08-27T00:48:01,2026-08-27T06:23:01,Mewat_Region,28.040256,77.062823,REGISTERED
ACK20260900023,CUSTOMER_CARE_PHISHING,VIC_ACC_0058,+91-7220423224,36544.0,2026-08-02T21:26:39,2026-08-02T22:12:39,Mumbai_Metro,19.041515,72.867455,REGISTERED
ACK20260900024,INVESTMENT_SCAM,VIC_ACC_0029,+91-8959298150,217197.0,2026-08-05T16:18:14,2026-08-06T02:37:14,Jamtara_Deoghar,24.192514,86.799635,REGISTERED
ACK20260900025,INVESTMENT_SCAM,VIC_ACC_0090,+91-9108097994,74580.0,2026-08-21T21:27:35,2026-08-22T06:24:35,Bengaluru_Tech,12.992374,77.65591,REGISTERED
ACK20260900026,INVESTMENT_SCAM,VIC_ACC_0124,+91-9997417552,472458.0,2026-08-28T07:19:54,2026-08-28T10:16:54,Hyderabad_Cyber,17.371272,78.505007,REGISTERED
ACK20260900027,UPI_FRAUD,VIC_ACC_0105,+91-8755134966,53637.0,2026-08-11T20:05:59,2026-08-12T04:15:59,Delhi_NCR,28.618588,77.171896,REGISTERED
ACK20260900028,IMPERSONATION_I4C_POLICE,VIC_ACC_0171,+91-9471772773,20376.0,2026-08-10T00:13:59,2026-08-10T03:57:59,Mewat_Region,27.9689,77.133918,REGISTERED
ACK20260900029,INVESTMENT_SCAM,VIC_ACC_0274,+91-8527022924,318863.0,2026-08-21T11:19:16,2026-08-21T17:57:16,Hyderabad_Cyber,17.472592,78.454368,REGISTERED
ACK20260900030,INVESTMENT_SCAM,VIC_ACC_0289,+91-8913785909,186720.0,2026-08-28T07:47:09,2026-08-28T08:33:09,Jamtara_Deoghar,24.299308,86.655189,REGISTERED
ACK20260900031,JOB_SCAM,VIC_ACC_0173,+91-9401156160,80401.0,2026-08-09T15:46:41,2026-08-10T00:38:41,Mumbai_Metro,19.12162,72.850009,REGISTERED
ACK20260900032,CUSTOMER_CARE_PHISHING,VIC_ACC_0269,+91-7450592667,5836.0,2026-08-02T02:52:42,2026-08-02T04:11:42,Hyderabad_Cyber,17.41301,78.481408,REGISTERED
ACK20260900033,JOB_SCAM,VIC_ACC_0248,+91-7038812192,92305.0,2026-08-22T15:01:00,2026-08-23T00:35:00,Hyderabad_Cyber,17.316475,78.540855,REGISTERED
ACK20260900034,CUSTOMER_CARE_PHISHING,VIC_ACC_0055,+91-8725043084,30156.0,2026-08-30T03:33:09,2026-08-30T08:09:09,Jamtara_Deoghar,24.020519,86.727896,REGISTERED
ACK20260900035,CUSTOMER_CARE_PHISHING,VIC_ACC_0116,+91-8328059710,9152.0,2026-08-10T21:52:54,2026-08-10T23:44:54,Delhi_NCR,28.592297,77.238897,REGISTERED
ACK20260900036,UPI_FRAUD,VIC_ACC_0049,+91-9268484289,32710.0,2026-08-29T16:58:02,2026-08-29T21:23:02,Kolkata_East,22.623501,88.437886,REGISTERED
ACK20260900037,IMPERSONATION_I4C_POLICE,VIC_ACC_0009,+91-7532383919,15084.0,2026-08-31T06:37:09,2026-08-31T13:54:09,Bengaluru_Tech,13.033646,77.599227,REGISTERED
ACK20260900038,INVESTMENT_SCAM,VIC_ACC_0197,+91-8133317038,312559.0,2026-08-25T23:08:50,2026-08-26T00:58:50,Mewat_Region,28.073914,77.011958,REGISTERED
ACK20260900039,UPI_FRAUD,VIC_ACC_0140,+91-7608699088,54207.0,2026-08-26T14:31:14,2026-08-26T21:05:14,Hyderabad_Cyber,17.346403,78.514142,REGISTERED
ACK20260900040,INVESTMENT_SCAM,VIC_ACC_0079,+91-8010168292,97983.0,2026-08-24T12:20:23,2026-08-24T14:39:23,Delhi_NCR,28.656431,77.20242,REGISTERED
ACK20260900041,INVESTMENT_SCAM,VIC_ACC_0053,+91-9570452523,362960.0,2026-08-01T02:22:35,2026-08-01T04:27:35,Jamtara_Deoghar,24.346989,86.689592,REGISTERED
ACK20260900042,UPI_FRAUD,VIC_ACC_0195,+91-7207331916,69634.0,2026-08-06T04:17:19,2026-08-06T09:21:19,Mumbai_Metro,19.062494,72.797795,REGISTERED
ACK20260900043,INVESTMENT_SCAM,VIC_ACC_0101,+91-9757791289,257456.0,2026-08-15T03:08:19,2026-08-15T03:44:19,Bengaluru_Tech,12.919421,77.621387,REGISTERED
ACK20260900044,IMPERSONATION_I4C_POLICE,VIC_ACC_0070,+91-7582062198,67784.0,2026-08-10T10:38:44,2026-08-10T14:33:44,Bengaluru_Tech,13.001495,77.582972,REGISTERED
ACK20260900045,INVESTMENT_SCAM,VIC_ACC_0059,+91-9515382102,144333.0,2026-08-30T18:12:37,2026-08-31T04:00:37,Mewat_Region,27.961821,76.942913,REGISTERED
ACK20260900046,IMPERSONATION_I4C_POLICE,VIC_ACC_0210,+91-9158330203,36722.0,2026-08-22T15:08:40,2026-08-22T20:48:40,Bengaluru_Tech,12.973899,77.503288,REGISTERED
ACK20260900047,IMPERSONATION_I4C_POLICE,VIC_ACC_0215,+91-9519742536,16138.0,2026-08-18T01:50:23,2026-08-18T11:29:23,Delhi_NCR,28.608508,77.198393,REGISTERED
ACK20260900048,INVESTMENT_SCAM,VIC_ACC_0006,+91-9253385397,342549.0,2026-08-04T08:14:32,2026-08-04T17:35:32,Jamtara_Deoghar,24.172918,86.701756,REGISTERED
ACK20260900049,UPI_FRAUD,VIC_ACC_0044,+91-9569837114,49966.0,2026-08-04T23:09:22,2026-08-05T04:58:22,Hyderabad_Cyber,17.450799,78.476739,REGISTERED
ACK20260900050,UPI_FRAUD,VIC_ACC_0059,+91-7571682339,36970.0,2026-08-01T10:41:06,2026-08-01T13:59:06,Jamtara_Deoghar,24.21899,86.87749,REGISTERED
ACK20260900051,JOB_SCAM,VIC_ACC_0203,+91-8407560965,78926.0,2026-08-01T23:39:56,2026-08-02T03:31:56,Jamtara_Deoghar,24.088184,86.816277,REGISTERED
ACK20260900052,UPI_FRAUD,VIC_ACC_0059,+91-8273490125,46078.0,2026-08-09T21:55:31,2026-08-10T07:25:31,Jamtara_Deoghar,24.131799,86.74765,REGISTERED
ACK20260900053,INVESTMENT_SCAM,VIC_ACC_0069,+91-9272228528,145968.0,2026-08-11T03:15:19,2026-08-11T05:44:19,Bengaluru_Tech,12.971281,77.653798,REGISTERED
ACK20260900054,JOB_SCAM,VIC_ACC_0089,+91-9759069113,44523.0,2026-08-18T05:31:18,2026-08-18T08:24:18,Bengaluru_Tech,12.95398,77.657882,REGISTERED
ACK20260900055,UPI_FRAUD,VIC_ACC_0197,+91-8611264477,58626.0,2026-08-31T17:32:41,2026-09-01T02:28:41,Mewat_Region,28.066685,77.137478,REGISTERED
ACK20260900056,UPI_FRAUD,VIC_ACC_0235,+91-8876624969,71952.0,2026-08-19T23:49:49,2026-08-20T08:46:49,Delhi_NCR,28.596552,77.197552,REGISTERED
ACK20260900057,CUSTOMER_CARE_PHISHING,VIC_ACC_0053,+91-7861155688,9224.0,2026-08-24T20:48:15,2026-08-25T02:22:15,Hyderabad_Cyber,17.361304,78.45214,REGISTERED
ACK20260900058,UPI_FRAUD,VIC_ACC_0180,+91-7456237082,26755.0,2026-08-28T22:39:40,2026-08-29T06:27:40,Jamtara_Deoghar,24.24792,86.793207,REGISTERED
ACK20260900059,JOB_SCAM,VIC_ACC_0149,+91-9574563948,37771.0,2026-08-19T08:54:32,2026-08-19T11:01:32,Kolkata_East,22.596644,88.316977,REGISTERED
ACK20260900060,UPI_FRAUD,VIC_ACC_0075,+91-8892192890,69154.0,2026-08-23T10:53:15,2026-08-23T18:05:15,Mumbai_Metro,19.120785,72.841137,REGISTERED
ACK20260900061,JOB_SCAM,VIC_ACC_0189,+91-9775922208,133889.0,2026-08-15T15:20:37,2026-08-15T15:52:37,Kolkata_East,22.494478,88.366208,REGISTERED
ACK20260900062,INVESTMENT_SCAM,VIC_ACC_0109,+91-8893727117,227080.0,2026-08-16T08:20:53,2026-08-16T13:40:53,Jamtara_Deoghar,24.125569,86.821419,REGISTERED
ACK20260900063,CUSTOMER_CARE_PHISHING,VIC_ACC_0081,+91-7989130837,22290.0,2026-08-15T14:00:27,2026-08-15T17:57:27,Mewat_Region,27.93805,76.972312,REGISTERED
ACK20260900064,JOB_SCAM,VIC_ACC_0120,+91-8562420215,20142.0,2026-08-14T20:05:45,2026-08-14T22:12:45,Mumbai_Metro,19.129104,72.914739,REGISTERED
ACK20260900065,CUSTOMER_CARE_PHISHING,VIC_ACC_0217,+91-9394523425,55209.0,2026-08-23T04:30:04,2026-08-23T08:54:04,Delhi_NCR,28.641599,77.199254,REGISTERED
ACK20260900066,JOB_SCAM,VIC_ACC_0036,+91-8150737925,41511.0,2026-08-17T18:00:39,2026-08-18T05:35:39,Hyderabad_Cyber,17.404522,78.549905,REGISTERED
ACK20260900067,UPI_FRAUD,VIC_ACC_0064,+91-7458142477,46222.0,2026-08-19T23:24:22,2026-08-20T07:13:22,Kolkata_East,22.549195,88.343137,REGISTERED
ACK20260900068,JOB_SCAM,VIC_ACC_0097,+91-7784274865,122734.0,2026-08-24T12:18:41,2026-08-24T13:43:41,Kolkata_East,22.466611,88.381217,REGISTERED
ACK20260900069,CUSTOMER_CARE_PHISHING,VIC_ACC_0068,+91-8543419567,27645.0,2026-08-13T18:26:23,2026-08-14T04:15:23,Kolkata_East,22.47477,88.315512,REGISTERED
ACK20260900070,INVESTMENT_SCAM,VIC_ACC_0147,+91-8318120803,272075.0,2026-08-21T22:32:49,2026-08-22T06:07:49,Mewat_Region,27.886222,77.001156,REGISTERED
ACK20260900071,UPI_FRAUD,VIC_ACC_0080,+91-9289467342,13665.0,2026-08-18T10:25:37,2026-08-18T21:44:37,Bengaluru_Tech,12.981025,77.625435,REGISTERED
ACK20260900072,JOB_SCAM,VIC_ACC_0090,+91-8136078551,41473.0,2026-08-04T00:45:08,2026-08-04T01:26:08,Hyderabad_Cyber,17.350008,78.470685,REGISTERED
ACK20260900073,UPI_FRAUD,VIC_ACC_0138,+91-8406845649,48910.0,2026-08-24T03:49:57,2026-08-24T04:49:57,Kolkata_East,22.58133,88.375815,REGISTERED
ACK20260900074,IMPERSONATION_I4C_POLICE,VIC_ACC_0086,+91-9427376692,20117.0,2026-08-12T05:16:49,2026-08-12T07:31:49,Mumbai_Metro,19.148469,72.896998,REGISTERED
ACK20260900075,INVESTMENT_SCAM,VIC_ACC_0197,+91-9994895944,339860.0,2026-08-30T04:11:59,2026-08-30T05:17:59,Kolkata_East,22.559646,88.316919,REGISTERED
ACK20260900076,UPI_FRAUD,VIC_ACC_0027,+91-9873770960,57550.0,2026-08-06T07:51:33,2026-08-06T09:08:33,Delhi_NCR,28.660165,77.255731,REGISTERED
ACK20260900077,INVESTMENT_SCAM,VIC_ACC_0189,+91-7794870807,437750.0,2026-08-07T09:36:50,2026-08-07T15:17:50,Jamtara_Deoghar,24.154797,86.700428,REGISTERED
ACK20260900078,INVESTMENT_SCAM,VIC_ACC_0126,+91-8135193354,172157.0,2026-08-05T00:59:26,2026-08-05T01:53:26,Jamtara_Deoghar,24.145433,86.614022,REGISTERED
ACK20260900079,JOB_SCAM,VIC_ACC_0054,+91-7466546677,145984.0,2026-08-07T16:15:26,2026-08-08T01:08:26,Delhi_NCR,28.731296,77.215203,REGISTERED
ACK20260900080,IMPERSONATION_I4C_POLICE,VIC_ACC_0235,+91-9686861688,22499.0,2026-08-24T02:37:06,2026-08-24T11:44:06,Mewat_Region,28.015614,77.031832,REGISTERED
ACK20260900081,CUSTOMER_CARE_PHISHING,VIC_ACC_0202,+91-7244736569,40645.0,2026-08-23T23:20:20,2026-08-24T07:33:20,Mumbai_Metro,19.152473,72.853162,REGISTERED
ACK20260900082,INVESTMENT_SCAM,VIC_ACC_0275,+91-7392921851,188940.0,2026-08-12T06:28:19,2026-08-12T14:52:19,Kolkata_East,22.694457,88.38905,REGISTERED
ACK20260900083,JOB_SCAM,VIC_ACC_0183,+91-7569714073,54100.0,2026-08-13T16:03:43,2026-08-13T21:39:43,Kolkata_East,22.524019,88.284467,REGISTERED
ACK20260900084,UPI_FRAUD,VIC_ACC_0114,+91-8920543924,16015.0,2026-08-05T06:52:25,2026-08-05T13:43:25,Jamtara_Deoghar,24.31831,86.734522,REGISTERED
ACK20260900085,INVESTMENT_SCAM,VIC_ACC_0066,+91-8880566774,76548.0,2026-08-03T10:07:02,2026-08-03T18:29:02,Mumbai_Metro,19.064204,72.864609,REGISTERED
ACK20260900086,INVESTMENT_SCAM,VIC_ACC_0077,+91-8634764000,389360.0,2026-08-02T19:39:39,2026-08-03T00:20:39,Bengaluru_Tech,13.014818,77.520804,REGISTERED
ACK20260900087,IMPERSONATION_I4C_POLICE,VIC_ACC_0128,+91-8784273527,52069.0,2026-08-21T17:50:01,2026-08-22T00:51:01,Hyderabad_Cyber,17.487934,78.489069,REGISTERED
ACK20260900088,UPI_FRAUD,VIC_ACC_0144,+91-7328142487,35508.0,2026-08-02T15:33:22,2026-08-03T02:01:22,Mumbai_Metro,19.070487,72.885142,REGISTERED
ACK20260900089,IMPERSONATION_I4C_POLICE,VIC_ACC_0089,+91-9295556095,8697.0,2026-08-06T07:37:20,2026-08-06T14:14:20,Mewat_Region,27.948675,77.007663,REGISTERED
ACK20260900090,UPI_FRAUD,VIC_ACC_0120,+91-9012336406,5089.0,2026-08-20T07:01:33,2026-08-20T15:40:33,Bengaluru_Tech,12.888465,77.544974,REGISTERED
ACK20260900091,IMPERSONATION_I4C_POLICE,VIC_ACC_0187,+91-7331054113,56851.0,2026-08-31T02:23:45,2026-08-31T14:11:45,Jamtara_Deoghar,24.104099,86.737775,REGISTERED
ACK20260900092,UPI_FRAUD,VIC_ACC_0288,+91-8005348602,27983.0,2026-08-23T19:50:22,2026-08-24T00:08:22,Hyderabad_Cyber,17.404413,78.455793,REGISTERED
ACK20260900093,CUSTOMER_CARE_PHISHING,VIC_ACC_0114,+91-9442320198,23434.0,2026-08-21T18:06:59,2026-08-22T03:04:59,Bengaluru_Tech,12.950619,77.614175,REGISTERED
ACK20260900094,CUSTOMER_CARE_PHISHING,VIC_ACC_0172,+91-7841024160,13885.0,2026-08-15T00:16:13,2026-08-15T05:01:13,Bengaluru_Tech,13.004155,77.556983,REGISTERED
ACK20260900095,INVESTMENT_SCAM,VIC_ACC_0193,+91-9251639567,391295.0,2026-08-04T15:50:55,2026-08-05T02:11:55,Kolkata_East,22.520709,88.393465,REGISTERED
ACK20260900096,UPI_FRAUD,VIC_ACC_0088,+91-8946590431,17203.0,2026-08-29T12:10:46,2026-08-29T13:56:46,Bengaluru_Tech,12.92194,77.561948,REGISTERED
ACK20260900097,CUSTOMER_CARE_PHISHING,VIC_ACC_0210,+91-7922448980,39768.0,2026-08-23T17:46:59,2026-08-24T03:29:59,Mewat_Region,27.907809,77.126345,REGISTERED
ACK20260900098,UPI_FRAUD,VIC_ACC_0246,+91-8551725139,43248.0,2026-08-07T03:01:13,2026-08-07T06:25:13,Delhi_NCR,28.660547,77.207514,REGISTERED
ACK20260900099,IMPERSONATION_I4C_POLICE,VIC_ACC_0190,+91-7741345200,65956.0,2026-08-06T14:02:16,2026-08-06T22:02:16,Bengaluru_Tech,12.983912,77.526193,REGISTERED
ACK20260900100,INVESTMENT_SCAM,VIC_ACC_0284,+91-9840672236,330763.0,2026-08-02T12:52:33,2026-08-02T20:30:33,Mewat_Region,27.907232,77.007259,REGISTERED
ACK20260900101,CUSTOMER_CARE_PHISHING,VIC_ACC_0293,+91-7694335260,27659.0,2026-08-22T19:09:07,2026-08-23T03:18:07,Mumbai_Metro,19.095596,72.795976,REGISTERED
ACK20260900102,UPI_FRAUD,VIC_ACC_0035,+91-7905078116,47746.0,2026-08-03T12:35:25,2026-08-03T22:30:25,Kolkata_East,22.650386,88.439284,REGISTERED
ACK20260900103,UPI_FRAUD,VIC_ACC_0077,+91-9554423237,18845.0,2026-08-05T18:37:37,2026-08-05T20:49:37,Jamtara_Deoghar,24.166715,86.802087,REGISTERED
ACK20260900104,INVESTMENT_SCAM,VIC_ACC_0089,+91-8316315083,406942.0,2026-08-09T12:09:39,2026-08-09T23:02:39,Mewat_Region,27.896726,77.041834,REGISTERED
ACK20260900105,INVESTMENT_SCAM,VIC_ACC_0138,+91-9761874437,213026.0,2026-08-29T11:01:21,2026-08-29T16:41:21,Bengaluru_Tech,12.932565,77.636746,REGISTERED
ACK20260900106,UPI_FRAUD,VIC_ACC_0214,+91-8334273499,32707.0,2026-08-20T20:05:12,2026-08-21T04:07:12,Kolkata_East,22.577175,88.372494,REGISTERED
ACK20260900107,INVESTMENT_SCAM,VIC_ACC_0070,+91-9867736309,141088.0,2026-08-25T16:56:36,2026-08-25T17:55:36,Mumbai_Metro,19.198884,72.873089,REGISTERED
ACK20260900108,INVESTMENT_SCAM,VIC_ACC_0204,+91-8946568471,245279.0,2026-08-21T03:43:01,2026-08-21T08:20:01,Hyderabad_Cyber,17.392194,78.473306,REGISTERED
ACK20260900109,JOB_SCAM,VIC_ACC_0146,+91-9808539012,122213.0,2026-08-01T12:03:10,2026-08-01T22:18:10,Mumbai_Metro,19.109972,72.850702,REGISTERED
ACK20260900110,UPI_FRAUD,VIC_ACC_0089,+91-9324494245,45037.0,2026-08-20T00:14:16,2026-08-20T11:06:16,Mewat_Region,27.873074,77.082378,REGISTERED
ACK20260900111,UPI_FRAUD,VIC_ACC_0155,+91-8676196816,18410.0,2026-08-22T16:52:39,2026-08-23T00:08:39,Delhi_NCR,28.62243,77.144903,REGISTERED
ACK20260900112,CUSTOMER_CARE_PHISHING,VIC_ACC_0167,+91-7491277802,44163.0,2026-08-28T08:16:41,2026-08-28T19:53:41,Mumbai_Metro,19.137741,72.928686,REGISTERED
ACK20260900113,CUSTOMER_CARE_PHISHING,VIC_ACC_0133,+91-9380739145,29892.0,2026-08-30T13:25:24,2026-08-30T14:31:24,Bengaluru_Tech,12.988785,77.602908,REGISTERED
ACK20260900114,IMPERSONATION_I4C_POLICE,VIC_ACC_0093,+91-9947753992,28995.0,2026-08-10T03:30:08,2026-08-10T08:24:08,Mewat_Region,28.032158,76.984644,REGISTERED
ACK20260900115,INVESTMENT_SCAM,VIC_ACC_0238,+91-9033719334,355961.0,2026-08-28T03:30:03,2026-08-28T14:49:03,Jamtara_Deoghar,24.218965,86.80238,REGISTERED
ACK20260900116,IMPERSONATION_I4C_POLICE,VIC_ACC_0071,+91-9825833639,23772.0,2026-08-07T10:26:36,2026-08-07T18:44:36,Bengaluru_Tech,12.929901,77.645717,REGISTERED
ACK20260900117,UPI_FRAUD,VIC_ACC_0087,+91-8421193032,21961.0,2026-08-19T05:31:50,2026-08-19T07:31:50,Jamtara_Deoghar,24.332458,86.815724,REGISTERED
ACK20260900118,CUSTOMER_CARE_PHISHING,VIC_ACC_0165,+91-9272555134,37613.0,2026-08-25T16:12:01,2026-08-25T16:46:01,Mumbai_Metro,19.011226,72.905804,REGISTERED
ACK20260900119,UPI_FRAUD,VIC_ACC_0267,+91-8177134697,49922.0,2026-08-20T16:21:27,2026-08-20T19:08:27,Hyderabad_Cyber,17.364308,78.543074,REGISTERED
ACK20260900120,UPI_FRAUD,VIC_ACC_0068,+91-8201295267,27149.0,2026-08-07T23:01:37,2026-08-08T08:07:37,Delhi_NCR,28.533173,77.124587,REGISTERED
ACK20260900121,JOB_SCAM,VIC_ACC_0025,+91-7379464627,26322.0,2026-08-22T03:41:53,2026-08-22T04:31:53,Mewat_Region,27.9032,76.933857,REGISTERED
ACK20260900122,JOB_SCAM,VIC_ACC_0155,+91-8984527978,55386.0,2026-08-14T21:06:42,2026-08-15T06:28:42,Jamtara_Deoghar,24.131054,86.85461,REGISTERED
ACK20260900123,UPI_FRAUD,VIC_ACC_0059,+91-7861778569,31181.0,2026-08-26T03:31:12,2026-08-26T14:24:12,Kolkata_East,22.570226,88.396291,REGISTERED
ACK20260900124,JOB_SCAM,VIC_ACC_0247,+91-9736885255,31665.0,2026-08-11T07:00:00,2026-08-11T18:57:00,Delhi_NCR,28.538542,77.21255,REGISTERED
ACK20260900125,JOB_SCAM,VIC_ACC_0234,+91-9864315170,126584.0,2026-08-10T08:29:03,2026-08-10T10:41:03,Mumbai_Metro,19.045405,72.934773,REGISTERED
ACK20260900126,UPI_FRAUD,VIC_ACC_0024,+91-9931167372,48078.0,2026-08-01T04:42:41,2026-08-01T08:06:41,Bengaluru_Tech,13.003436,77.636541,REGISTERED
ACK20260900127,UPI_FRAUD,VIC_ACC_0059,+91-8381995045,67684.0,2026-08-13T12:29:17,2026-08-13T19:33:17,Kolkata_East,22.58234,88.291144,REGISTERED
ACK20260900128,JOB_SCAM,VIC_ACC_0093,+91-9242827125,23777.0,2026-08-20T12:49:22,2026-08-20T23:45:22,Kolkata_East,22.555198,88.391922,REGISTERED
ACK20260900129,UPI_FRAUD,VIC_ACC_0269,+91-9861154341,34358.0,2026-08-25T23:36:46,2026-08-26T09:44:46,Mewat_Region,28.047415,77.144735,REGISTERED
ACK20260900130,JOB_SCAM,VIC_ACC_0198,+91-7514276265,21526.0,2026-08-05T17:57:39,2026-08-05T19:22:39,Mewat_Region,28.063655,76.931551,REGISTERED
ACK20260900131,CUSTOMER_CARE_PHISHING,VIC_ACC_0026,+91-7770020332,57858.0,2026-08-17T07:35:41,2026-08-17T14:32:41,Kolkata_East,22.571812,88.420943,REGISTERED
ACK20260900132,INVESTMENT_SCAM,VIC_ACC_0162,+91-8351114696,103814.0,2026-08-04T15:47:41,2026-08-04T16:35:41,Hyderabad_Cyber,17.437955,78.441427,REGISTERED
ACK20260900133,INVESTMENT_SCAM,VIC_ACC_0175,+91-9514691232,224049.0,2026-08-12T01:52:14,2026-08-12T10:07:14,Jamtara_Deoghar,24.263952,86.888696,REGISTERED
ACK20260900134,INVESTMENT_SCAM,VIC_ACC_0150,+91-8613528408,74000.0,2026-08-18T16:23:44,2026-08-18T18:41:44,Mumbai_Metro,19.100116,72.918857,REGISTERED
ACK20260900135,IMPERSONATION_I4C_POLICE,VIC_ACC_0098,+91-9744298098,11094.0,2026-08-23T10:06:48,2026-08-23T17:40:48,Mewat_Region,27.987967,77.010563,REGISTERED
ACK20260900136,INVESTMENT_SCAM,VIC_ACC_0272,+91-8582476628,489781.0,2026-08-24T01:35:59,2026-08-24T09:28:59,Jamtara_Deoghar,24.25016,86.832033,REGISTERED
ACK20260900137,INVESTMENT_SCAM,VIC_ACC_0128,+91-7452764099,471945.0,2026-08-09T12:21:18,2026-08-09T20:34:18,Mumbai_Metro,19.010727,72.91352,REGISTERED
ACK20260900138,JOB_SCAM,VIC_ACC_0161,+91-7687191810,48487.0,2026-08-23T23:59:35,2026-08-24T11:16:35,Mumbai_Metro,19.088796,72.858434,REGISTERED
ACK20260900139,IMPERSONATION_I4C_POLICE,VIC_ACC_0288,+91-9875365363,74979.0,2026-08-16T18:36:42,2026-08-17T02:13:42,Bengaluru_Tech,12.995916,77.602064,REGISTERED
ACK20260900140,IMPERSONATION_I4C_POLICE,VIC_ACC_0083,+91-9469380932,43684.0,2026-08-10T21:16:09,2026-08-10T22:49:09,Mumbai_Metro,19.067054,72.858276,REGISTERED
ACK20260900141,JOB_SCAM,VIC_ACC_0288,+91-8674147701,70972.0,2026-08-28T07:47:41,2026-08-28T17:51:41,Mumbai_Metro,19.133362,72.804587,REGISTERED
ACK20260900142,UPI_FRAUD,VIC_ACC_0129,+91-9308994886,34563.0,2026-08-07T19:55:49,2026-08-08T03:58:49,Mewat_Region,27.990565,76.853463,REGISTERED
ACK20260900143,UPI_FRAUD,VIC_ACC_0089,+91-8823844634,61165.0,2026-08-24T16:07:24,2026-08-24T17:18:24,Bengaluru_Tech,12.913679,77.506648,REGISTERED
ACK20260900144,CUSTOMER_CARE_PHISHING,VIC_ACC_0027,+91-9588385061,44472.0,2026-08-25T20:39:53,2026-08-26T08:26:53,Hyderabad_Cyber,17.429874,78.539122,REGISTERED
ACK20260900145,IMPERSONATION_I4C_POLICE,VIC_ACC_0082,+91-9894737964,50796.0,2026-08-14T17:34:25,2026-08-14T19:38:25,Mumbai_Metro,19.164639,72.826336,REGISTERED
ACK20260900146,INVESTMENT_SCAM,VIC_ACC_0005,+91-9035341958,386731.0,2026-08-04T21:22:28,2026-08-05T01:58:28,Jamtara_Deoghar,24.15983,86.74647,REGISTERED
ACK20260900147,CUSTOMER_CARE_PHISHING,VIC_ACC_0198,+91-9524759146,72746.0,2026-08-09T17:46:18,2026-08-09T18:41:18,Kolkata_East,22.568657,88.41753,REGISTERED
ACK20260900148,UPI_FRAUD,VIC_ACC_0050,+91-9196592511,13581.0,2026-08-06T17:34:00,2026-08-07T04:45:00,Mumbai_Metro,19.10997,72.912382,REGISTERED
ACK20260900149,CUSTOMER_CARE_PHISHING,VIC_ACC_0079,+91-7177833329,16471.0,2026-08-01T14:45:21,2026-08-01T15:53:21,Delhi_NCR,28.623333,77.243032,REGISTERED
ACK20260900150,INVESTMENT_SCAM,VIC_ACC_0009,+91-9026218288,386290.0,2026-08-13T21:07:34,2026-08-13T21:43:34,Mewat_Region,28.026998,76.945467,REGISTERED
ACK20260900151,JOB_SCAM,VIC_ACC_0045,+91-7512279922,24039.0,2026-08-10T14:24:25,2026-08-11T02:10:25,Hyderabad_Cyber,17.390124,78.459458,REGISTERED
ACK20260900152,IMPERSONATION_I4C_POLICE,VIC_ACC_0192,+91-7136810659,23530.0,2026-08-31T00:35:55,2026-08-31T10:33:55,Delhi_NCR,28.600609,77.207781,REGISTERED
ACK20260900153,CUSTOMER_CARE_PHISHING,VIC_ACC_0263,+91-7375533770,38127.0,2026-08-05T05:11:14,2026-08-05T16:12:14,Mumbai_Metro,18.999973,72.9142,REGISTERED
ACK20260900154,UPI_FRAUD,VIC_ACC_0051,+91-9199795914,51810.0,2026-08-07T23:37:31,2026-08-08T05:45:31,Mumbai_Metro,19.07484,72.850292,REGISTERED
ACK20260900155,JOB_SCAM,VIC_ACC_0300,+91-7552510633,145653.0,2026-08-05T18:36:23,2026-08-06T00:29:23,Hyderabad_Cyber,17.445136,78.521794,REGISTERED
ACK20260900156,UPI_FRAUD,VIC_ACC_0246,+91-7356633038,68828.0,2026-08-15T14:22:49,2026-08-15T20:04:49,Jamtara_Deoghar,24.195165,86.793109,REGISTERED
ACK20260900157,IMPERSONATION_I4C_POLICE,VIC_ACC_0040,+91-8906785877,9088.0,2026-08-24T02:57:01,2026-08-24T12:06:01,Kolkata_East,22.658889,88.39466,REGISTERED
ACK20260900158,UPI_FRAUD,VIC_ACC_0201,+91-8642076900,22548.0,2026-08-08T18:46:54,2026-08-09T00:13:54,Hyderabad_Cyber,17.39602,78.454758,REGISTERED
ACK20260900159,UPI_FRAUD,VIC_ACC_0082,+91-7132438681,68373.0,2026-08-06T18:36:42,2026-08-06T21:35:42,Bengaluru_Tech,12.999529,77.610339,REGISTERED
ACK20260900160,IMPERSONATION_I4C_POLICE,VIC_ACC_0199,+91-9306078337,47476.0,2026-08-16T14:56:02,2026-08-16T16:06:02,Delhi_NCR,28.619398,77.254607,REGISTERED
ACK20260900161,JOB_SCAM,VIC_ACC_0040,+91-8156355224,87681.0,2026-08-17T08:24:58,2026-08-17T12:42:58,Hyderabad_Cyber,17.454439,78.494616,REGISTERED
ACK20260900162,UPI_FRAUD,VIC_ACC_0144,+91-7754764344,20509.0,2026-08-07T04:11:10,2026-08-07T10:51:10,Mewat_Region,28.044545,77.081311,REGISTERED
ACK20260900163,INVESTMENT_SCAM,VIC_ACC_0125,+91-8679815136,120634.0,2026-08-02T04:36:37,2026-08-02T07:50:37,Mewat_Region,28.002736,77.008642,REGISTERED
ACK20260900164,INVESTMENT_SCAM,VIC_ACC_0010,+91-8471989498,94956.0,2026-08-29T23:46:42,2026-08-30T05:06:42,Mumbai_Metro,19.12837,72.872385,REGISTERED
ACK20260900165,INVESTMENT_SCAM,VIC_ACC_0086,+91-7225540122,362755.0,2026-08-24T21:21:59,2026-08-25T05:35:59,Jamtara_Deoghar,24.118639,86.68285,REGISTERED
ACK20260900166,IMPERSONATION_I4C_POLICE,VIC_ACC_0050,+91-8741375972,10116.0,2026-08-06T15:57:39,2026-08-07T02:41:39,Kolkata_East,22.567541,88.44938,REGISTERED
ACK20260900167,INVESTMENT_SCAM,VIC_ACC_0023,+91-8249255943,463954.0,2026-08-23T16:27:14,2026-08-24T01:10:14,Kolkata_East,22.603911,88.288233,REGISTERED
ACK20260900168,CUSTOMER_CARE_PHISHING,VIC_ACC_0043,+91-7017910932,38791.0,2026-08-10T19:56:34,2026-08-11T03:24:34,Mumbai_Metro,19.142087,72.914997,REGISTERED
ACK20260900169,UPI_FRAUD,VIC_ACC_0219,+91-8198190200,60517.0,2026-08-21T18:16:16,2026-08-22T03:54:16,Jamtara_Deoghar,24.172676,86.74627,REGISTERED
ACK20260900170,INVESTMENT_SCAM,VIC_ACC_0248,+91-9801696413,435761.0,2026-08-09T09:36:22,2026-08-09T16:53:22,Mumbai_Metro,18.996776,72.87528,REGISTERED
ACK20260900171,IMPERSONATION_I4C_POLICE,VIC_ACC_0027,+91-8966867065,24048.0,2026-08-06T12:40:00,2026-08-06T14:43:00,Hyderabad_Cyber,17.430951,78.417111,REGISTERED
ACK20260900172,INVESTMENT_SCAM,VIC_ACC_0267,+91-8438411403,385697.0,2026-08-10T22:38:03,2026-08-11T02:07:03,Hyderabad_Cyber,17.417292,78.436869,REGISTERED
ACK20260900173,UPI_FRAUD,VIC_ACC_0087,+91-7284546167,5037.0,2026-08-22T01:23:15,2026-08-22T13:03:15,Mumbai_Metro,19.073748,72.900598,REGISTERED
ACK20260900174,INVESTMENT_SCAM,VIC_ACC_0287,+91-7637469606,168644.0,2026-08-30T18:22:22,2026-08-30T23:35:22,Jamtara_Deoghar,24.19596,86.898695,REGISTERED
ACK20260900175,UPI_FRAUD,VIC_ACC_0060,+91-8450859424,37786.0,2026-08-26T16:16:56,2026-08-27T01:56:56,Mewat_Region,27.974897,76.974853,REGISTERED
ACK20260900176,UPI_FRAUD,VIC_ACC_0196,+91-8157077699,46383.0,2026-08-21T07:43:44,2026-08-21T12:08:44,Hyderabad_Cyber,17.43358,78.483119,REGISTERED
ACK20260900177,IMPERSONATION_I4C_POLICE,VIC_ACC_0039,+91-7881733957,33647.0,2026-08-18T05:30:20,2026-08-18T12:02:20,Jamtara_Deoghar,24.195977,86.784292,REGISTERED
ACK20260900178,UPI_FRAUD,VIC_ACC_0124,+91-9027056665,37728.0,2026-08-28T08:13:14,2026-08-28T12:10:14,Kolkata_East,22.566316,88.314222,REGISTERED
ACK20260900179,INVESTMENT_SCAM,VIC_ACC_0162,+91-8674846735,145877.0,2026-08-16T18:55:17,2026-08-17T03:47:17,Kolkata_East,22.616584,88.380531,REGISTERED
ACK20260900180,INVESTMENT_SCAM,VIC_ACC_0258,+91-9288077922,289702.0,2026-08-12T12:55:43,2026-08-12T16:23:43,Delhi_NCR,28.572086,77.228363,REGISTERED
ACK20260900181,JOB_SCAM,VIC_ACC_0133,+91-8124257962,81780.0,2026-08-06T17:16:15,2026-08-06T22:21:15,Jamtara_Deoghar,24.265722,86.715727,REGISTERED
ACK20260900182,UPI_FRAUD,VIC_ACC_0068,+91-7772682789,40382.0,2026-08-19T21:14:52,2026-08-19T23:26:52,Kolkata_East,22.624108,88.35603,REGISTERED
ACK20260900183,INVESTMENT_SCAM,VIC_ACC_0265,+91-8842084427,207304.0,2026-08-18T23:20:50,2026-08-19T08:08:50,Bengaluru_Tech,12.977617,77.609198,REGISTERED
ACK20260900184,JOB_SCAM,VIC_ACC_0231,+91-9654243779,93446.0,2026-08-24T10:16:23,2026-08-24T16:54:23,Jamtara_Deoghar,24.180786,86.8054,REGISTERED
ACK20260900185,UPI_FRAUD,VIC_ACC_0167,+91-9010847555,15277.0,2026-08-22T16:31:49,2026-08-23T00:38:49,Hyderabad_Cyber,17.410549,78.44098,REGISTERED
ACK20260900186,CUSTOMER_CARE_PHISHING,VIC_ACC_0216,+91-8125939912,15369.0,2026-08-21T19:36:25,2026-08-21T21:19:25,Mumbai_Metro,19.124247,72.865586,REGISTERED
ACK20260900187,CUSTOMER_CARE_PHISHING,VIC_ACC_0267,+91-9384740753,8027.0,2026-08-31T14:26:10,2026-08-31T18:04:10,Mumbai_Metro,19.06428,72.923976,REGISTERED
ACK20260900188,INVESTMENT_SCAM,VIC_ACC_0049,+91-8716920911,454191.0,2026-08-03T15:35:03,2026-08-03T16:31:03,Hyderabad_Cyber,17.413859,78.512116,REGISTERED
ACK20260900189,INVESTMENT_SCAM,VIC_ACC_0065,+91-8169252624,68431.0,2026-08-05T16:53:10,2026-08-05T17:52:10,Mewat_Region,27.987539,77.001122,REGISTERED
ACK20260900190,UPI_FRAUD,VIC_ACC_0277,+91-9096493824,62013.0,2026-08-06T18:38:29,2026-08-07T05:54:29,Jamtara_Deoghar,24.145887,86.924205,REGISTERED
ACK20260900191,IMPERSONATION_I4C_POLICE,VIC_ACC_0227,+91-7000378592,44789.0,2026-08-10T11:26:16,2026-08-10T14:35:16,Delhi_NCR,28.692717,77.257471,REGISTERED
ACK20260900192,INVESTMENT_SCAM,VIC_ACC_0005,+91-7023681855,171223.0,2026-08-25T13:51:18,2026-08-26T00:32:18,Kolkata_East,22.575439,88.417954,REGISTERED
ACK20260900193,UPI_FRAUD,VIC_ACC_0041,+91-9124879722,40633.0,2026-08-14T20:15:33,2026-08-15T07:12:33,Bengaluru_Tech,13.012503,77.69219,REGISTERED
ACK20260900194,JOB_SCAM,VIC_ACC_0140,+91-7162680119,22542.0,2026-08-23T19:31:12,2026-08-24T01:29:12,Mumbai_Metro,19.063871,72.89652,REGISTERED
ACK20260900195,JOB_SCAM,VIC_ACC_0005,+91-8377050838,48467.0,2026-08-08T02:09:00,2026-08-08T11:04:00,Bengaluru_Tech,12.903882,77.590666,REGISTERED
ACK20260900196,IMPERSONATION_I4C_POLICE,VIC_ACC_0037,+91-7041325985,55014.0,2026-08-18T15:11:12,2026-08-18T19:57:12,Kolkata_East,22.480819,88.382948,REGISTERED
ACK20260900197,JOB_SCAM,VIC_ACC_0049,+91-8058630789,109318.0,2026-08-17T21:13:30,2026-08-18T04:21:30,Bengaluru_Tech,12.932301,77.585615,REGISTERED
ACK20260900198,IMPERSONATION_I4C_POLICE,VIC_ACC_0112,+91-9603046188,6974.0,2026-08-04T07:40:27,2026-08-04T13:42:27,Mumbai_Metro,19.164638,72.88837,REGISTERED
ACK20260900199,UPI_FRAUD,VIC_ACC_0046,+91-9048417871,49357.0,2026-08-08T05:31:05,2026-08-08T16:34:05,Kolkata_East,22.571657,88.39042,REGISTERED
ACK20260900200,INVESTMENT_SCAM,VIC_ACC_0178,+91-8173627659,411365.0,2026-08-26T14:46:12,2026-08-26T15:37:12,Hyderabad_Cyber,17.403878,78.492269,REGISTERED
ACK20260900201,UPI_FRAUD,VIC_ACC_0179,+91-8740430319,26016.0,2026-08-11T23:29:17,2026-08-12T10:12:17,Delhi_NCR,28.580204,77.177181,REGISTERED
ACK20260900202,IMPERSONATION_I4C_POLICE,VIC_ACC_0260,+91-9032241298,52720.0,2026-08-13T23:11:56,2026-08-14T00:00:56,Kolkata_East,22.559384,88.399966,REGISTERED
ACK20260900203,UPI_FRAUD,VIC_ACC_0145,+91-9159018739,17616.0,2026-08-11T13:41:20,2026-08-11T16:04:20,Jamtara_Deoghar,24.193104,86.899819,REGISTERED
ACK20260900204,UPI_FRAUD,VIC_ACC_0249,+91-8605378920,55934.0,2026-08-07T03:02:36,2026-08-07T14:29:36,Mewat_Region,28.160034,76.910877,REGISTERED
ACK20260900205,CUSTOMER_CARE_PHISHING,VIC_ACC_0252,+91-8828564519,12956.0,2026-08-30T02:29:51,2026-08-30T13:53:51,Bengaluru_Tech,12.964188,77.589407,REGISTERED
ACK20260900206,UPI_FRAUD,VIC_ACC_0111,+91-7620835312,74685.0,2026-08-31T16:06:06,2026-08-31T20:32:06,Hyderabad_Cyber,17.323522,78.49741,REGISTERED
ACK20260900207,JOB_SCAM,VIC_ACC_0219,+91-8653754238,92085.0,2026-08-29T03:10:50,2026-08-29T06:44:50,Hyderabad_Cyber,17.352853,78.552265,REGISTERED
ACK20260900208,INVESTMENT_SCAM,VIC_ACC_0221,+91-7700959160,345250.0,2026-08-27T23:20:38,2026-08-28T03:56:38,Jamtara_Deoghar,24.240915,86.757268,REGISTERED
ACK20260900209,UPI_FRAUD,VIC_ACC_0146,+91-7727038157,5860.0,2026-08-20T00:33:08,2026-08-20T06:12:08,Bengaluru_Tech,12.948333,77.55401,REGISTERED
ACK20260900210,INVESTMENT_SCAM,VIC_ACC_0080,+91-7839649361,180996.0,2026-08-05T08:23:56,2026-08-05T18:49:56,Mumbai_Metro,19.039566,72.879306,REGISTERED
ACK20260900211,IMPERSONATION_I4C_POLICE,VIC_ACC_0296,+91-9648785534,9898.0,2026-08-27T03:38:41,2026-08-27T09:15:41,Mewat_Region,28.023823,77.060014,REGISTERED
ACK20260900212,IMPERSONATION_I4C_POLICE,VIC_ACC_0117,+91-7998778731,55133.0,2026-08-24T20:54:38,2026-08-24T21:35:38,Delhi_NCR,28.64726,77.302434,REGISTERED
ACK20260900213,JOB_SCAM,VIC_ACC_0202,+91-7949561684,49109.0,2026-08-15T19:36:32,2026-08-15T21:38:32,Hyderabad_Cyber,17.407333,78.48974,REGISTERED
ACK20260900214,INVESTMENT_SCAM,VIC_ACC_0067,+91-9137284885,305779.0,2026-08-25T04:30:35,2026-08-25T08:22:35,Hyderabad_Cyber,17.348402,78.489951,REGISTERED
ACK20260900215,UPI_FRAUD,VIC_ACC_0295,+91-7624152039,52876.0,2026-08-03T03:42:26,2026-08-03T11:25:26,Bengaluru_Tech,13.015252,77.618966,REGISTERED
ACK20260900216,INVESTMENT_SCAM,VIC_ACC_0120,+91-7178741856,108915.0,2026-08-07T21:23:09,2026-08-07T23:20:09,Mewat_Region,28.005256,77.056166,REGISTERED
ACK20260900217,INVESTMENT_SCAM,VIC_ACC_0170,+91-9458743902,336483.0,2026-08-07T23:34:13,2026-08-08T03:32:13,Jamtara_Deoghar,24.232064,86.775271,REGISTERED
ACK20260900218,UPI_FRAUD,VIC_ACC_0146,+91-7027318729,65943.0,2026-08-07T22:39:17,2026-08-08T00:03:17,Mewat_Region,27.922917,76.935938,REGISTERED
ACK20260900219,INVESTMENT_SCAM,VIC_ACC_0051,+91-7610836066,328690.0,2026-08-29T10:31:55,2026-08-29T21:12:55,Delhi_NCR,28.560938,77.105661,REGISTERED
ACK20260900220,INVESTMENT_SCAM,VIC_ACC_0081,+91-7773975700,377801.0,2026-08-01T11:43:22,2026-08-01T18:16:22,Bengaluru_Tech,12.981652,77.594538,REGISTERED
ACK20260900221,CUSTOMER_CARE_PHISHING,VIC_ACC_0116,+91-9391760096,22991.0,2026-08-05T10:57:25,2026-08-05T22:39:25,Delhi_NCR,28.658016,77.195067,REGISTERED
ACK20260900222,UPI_FRAUD,VIC_ACC_0169,+91-8773999659,23163.0,2026-08-15T17:08:13,2026-08-16T04:46:13,Jamtara_Deoghar,24.17613,86.781092,REGISTERED
ACK20260900223,INVESTMENT_SCAM,VIC_ACC_0081,+91-9750929073,146539.0,2026-08-11T02:35:34,2026-08-11T05:06:34,Bengaluru_Tech,12.972727,77.594235,REGISTERED
ACK20260900224,UPI_FRAUD,VIC_ACC_0068,+91-8858090263,39978.0,2026-08-06T00:48:39,2026-08-06T11:49:39,Jamtara_Deoghar,24.41389,86.775989,REGISTERED
ACK20260900225,IMPERSONATION_I4C_POLICE,VIC_ACC_0241,+91-7450631467,69414.0,2026-08-23T20:23:11,2026-08-24T03:29:11,Hyderabad_Cyber,17.342395,78.474491,REGISTERED
ACK20260900226,CUSTOMER_CARE_PHISHING,VIC_ACC_0105,+91-8064669971,69217.0,2026-08-03T05:59:28,2026-08-03T17:00:28,Mewat_Region,27.870227,76.95345,REGISTERED
ACK20260900227,JOB_SCAM,VIC_ACC_0275,+91-8479869886,88242.0,2026-08-17T20:56:45,2026-08-17T22:05:45,Delhi_NCR,28.555835,77.237797,REGISTERED
ACK20260900228,CUSTOMER_CARE_PHISHING,VIC_ACC_0021,+91-7954167613,11461.0,2026-08-18T12:33:48,2026-08-18T23:48:48,Mumbai_Metro,19.042944,72.874692,REGISTERED
ACK20260900229,UPI_FRAUD,VIC_ACC_0265,+91-9367975622,64204.0,2026-08-29T04:29:53,2026-08-29T16:00:53,Delhi_NCR,28.584457,77.194481,REGISTERED
ACK20260900230,UPI_FRAUD,VIC_ACC_0104,+91-9402726193,26495.0,2026-08-29T14:05:16,2026-08-29T20:06:16,Mewat_Region,27.88953,77.065695,REGISTERED
ACK20260900231,CUSTOMER_CARE_PHISHING,VIC_ACC_0082,+91-9855096445,48934.0,2026-08-13T17:24:02,2026-08-13T20:48:02,Jamtara_Deoghar,24.10735,86.782019,REGISTERED
ACK20260900232,UPI_FRAUD,VIC_ACC_0158,+91-9944327245,28684.0,2026-08-10T23:49:28,2026-08-11T05:14:28,Delhi_NCR,28.656075,77.245586,REGISTERED
ACK20260900233,UPI_FRAUD,VIC_ACC_0253,+91-8447920407,64472.0,2026-08-08T06:37:42,2026-08-08T15:14:42,Hyderabad_Cyber,17.36315,78.502372,REGISTERED
ACK20260900234,UPI_FRAUD,VIC_ACC_0075,+91-7287316426,44117.0,2026-08-28T01:42:36,2026-08-28T12:29:36,Bengaluru_Tech,12.893194,77.677022,REGISTERED
ACK20260900235,JOB_SCAM,VIC_ACC_0294,+91-7305149229,67210.0,2026-08-26T17:11:29,2026-08-27T03:33:29,Delhi_NCR,28.592622,77.166529,REGISTERED
ACK20260900236,IMPERSONATION_I4C_POLICE,VIC_ACC_0034,+91-8355878766,48150.0,2026-08-10T15:08:07,2026-08-10T20:19:07,Jamtara_Deoghar,24.146714,86.61789,REGISTERED
ACK20260900237,INVESTMENT_SCAM,VIC_ACC_0148,+91-9042256380,325456.0,2026-08-14T19:54:20,2026-08-15T00:49:20,Jamtara_Deoghar,24.168251,86.946081,REGISTERED
ACK20260900238,UPI_FRAUD,VIC_ACC_0149,+91-9778937175,20456.0,2026-08-07T00:07:01,2026-08-07T08:33:01,Mewat_Region,28.101561,77.087442,REGISTERED
ACK20260900239,UPI_FRAUD,VIC_ACC_0145,+91-7020024920,47457.0,2026-08-09T02:19:19,2026-08-09T11:27:19,Kolkata_East,22.574136,88.327736,REGISTERED
ACK20260900240,INVESTMENT_SCAM,VIC_ACC_0243,+91-8509380381,131467.0,2026-08-26T01:41:08,2026-08-26T10:24:08,Mewat_Region,27.983513,77.006483,REGISTERED
ACK20260900241,JOB_SCAM,VIC_ACC_0285,+91-8158618678,124796.0,2026-08-18T00:13:36,2026-08-18T06:22:36,Kolkata_East,22.507938,88.317263,REGISTERED
ACK20260900242,JOB_SCAM,VIC_ACC_0085,+91-9563550407,35315.0,2026-08-19T19:24:11,2026-08-20T06:03:11,Kolkata_East,22.550932,88.342969,REGISTERED
ACK20260900243,IMPERSONATION_I4C_POLICE,VIC_ACC_0155,+91-7122536489,54049.0,2026-08-07T16:19:11,2026-08-07T18:43:11,Kolkata_East,22.62041,88.327574,REGISTERED
ACK20260900244,JOB_SCAM,VIC_ACC_0269,+91-9217427395,127759.0,2026-08-10T10:09:49,2026-08-10T12:19:49,Jamtara_Deoghar,24.239194,86.72595,REGISTERED
ACK20260900245,JOB_SCAM,VIC_ACC_0045,+91-9159350957,88233.0,2026-08-11T14:56:02,2026-08-11T17:11:02,Kolkata_East,22.541711,88.408436,REGISTERED
ACK20260900246,UPI_FRAUD,VIC_ACC_0226,+91-7049991650,40866.0,2026-08-22T03:17:09,2026-08-22T06:28:09,Delhi_NCR,28.649698,77.237485,REGISTERED
ACK20260900247,JOB_SCAM,VIC_ACC_0146,+91-8771368149,100381.0,2026-08-19T07:10:04,2026-08-19T12:58:04,Bengaluru_Tech,12.929808,77.515946,REGISTERED
ACK20260900248,UPI_FRAUD,VIC_ACC_0229,+91-9476471039,74924.0,2026-08-20T11:19:21,2026-08-20T15:11:21,Delhi_NCR,28.590677,77.19309,REGISTERED
ACK20260900249,CUSTOMER_CARE_PHISHING,VIC_ACC_0074,+91-9292497186,56390.0,2026-08-28T19:16:58,2026-08-29T01:58:58,Mumbai_Metro,19.117303,72.849712,REGISTERED
ACK20260900250,UPI_FRAUD,VIC_ACC_0244,+91-8142389225,41996.0,2026-08-04T11:30:29,2026-08-04T14:54:29,Kolkata_East,22.630859,88.357178,REGISTERED
ACK20260900251,INVESTMENT_SCAM,VIC_ACC_0206,+91-8580660307,337283.0,2026-08-19T13:15:39,2026-08-19T17:54:39,Mumbai_Metro,19.084689,72.815452,REGISTERED
ACK20260900252,UPI_FRAUD,VIC_ACC_0040,+91-8953270674,19984.0,2026-08-24T22:36:53,2026-08-25T07:24:53,Jamtara_Deoghar,24.281715,86.846233,REGISTERED
ACK20260900253,UPI_FRAUD,VIC_ACC_0195,+91-9677228208,16866.0,2026-08-11T15:41:42,2026-08-11T17:13:42,Mumbai_Metro,19.090824,72.959406,REGISTERED
ACK20260900254,INVESTMENT_SCAM,VIC_ACC_0296,+91-9602999071,207147.0,2026-08-15T06:13:43,2026-08-15T12:07:43,Jamtara_Deoghar,24.36161,86.849884,REGISTERED
ACK20260900255,CUSTOMER_CARE_PHISHING,VIC_ACC_0046,+91-7963918180,21718.0,2026-08-19T00:39:32,2026-08-19T08:02:32,Kolkata_East,22.565954,88.305134,REGISTERED
ACK20260900256,UPI_FRAUD,VIC_ACC_0016,+91-8254363219,46697.0,2026-08-08T13:44:37,2026-08-08T20:57:37,Mewat_Region,28.092735,76.969558,REGISTERED
ACK20260900257,INVESTMENT_SCAM,VIC_ACC_0214,+91-7235094985,120400.0,2026-08-05T09:55:42,2026-08-05T12:33:42,Delhi_NCR,28.556498,77.230341,REGISTERED
ACK20260900258,JOB_SCAM,VIC_ACC_0213,+91-9042233566,141937.0,2026-08-28T14:57:50,2026-08-29T01:45:50,Hyderabad_Cyber,17.327006,78.442448,REGISTERED
ACK20260900259,UPI_FRAUD,VIC_ACC_0256,+91-8789685543,40291.0,2026-08-28T23:15:45,2026-08-29T08:18:45,Hyderabad_Cyber,17.454079,78.470715,REGISTERED
ACK20260900260,UPI_FRAUD,VIC_ACC_0247,+91-8693920254,41624.0,2026-08-31T22:05:09,2026-09-01T07:34:09,Hyderabad_Cyber,17.452244,78.456664,REGISTERED
ACK20260900261,INVESTMENT_SCAM,VIC_ACC_0297,+91-7035371455,330511.0,2026-08-10T19:03:57,2026-08-11T01:24:57,Kolkata_East,22.546111,88.486694,REGISTERED
ACK20260900262,CUSTOMER_CARE_PHISHING,VIC_ACC_0151,+91-9572383886,44855.0,2026-08-10T05:02:44,2026-08-10T15:43:44,Mewat_Region,28.134015,77.135836,REGISTERED
ACK20260900263,JOB_SCAM,VIC_ACC_0147,+91-7910443036,131600.0,2026-08-16T02:08:32,2026-08-16T03:56:32,Kolkata_East,22.609961,88.337443,REGISTERED
ACK20260900264,JOB_SCAM,VIC_ACC_0229,+91-9619379125,83559.0,2026-08-12T05:16:50,2026-08-12T09:47:50,Mumbai_Metro,19.121496,72.910438,REGISTERED
ACK20260900265,IMPERSONATION_I4C_POLICE,VIC_ACC_0254,+91-9089231926,62695.0,2026-08-25T13:49:24,2026-08-25T18:22:24,Mewat_Region,27.948389,76.865609,REGISTERED
ACK20260900266,INVESTMENT_SCAM,VIC_ACC_0244,+91-9239761127,172505.0,2026-08-10T15:47:48,2026-08-11T01:22:48,Hyderabad_Cyber,17.392594,78.50977,REGISTERED
ACK20260900267,UPI_FRAUD,VIC_ACC_0272,+91-8414890017,51376.0,2026-08-22T01:06:58,2026-08-22T10:40:58,Kolkata_East,22.561729,88.317847,REGISTERED
ACK20260900268,INVESTMENT_SCAM,VIC_ACC_0124,+91-9220733582,322604.0,2026-08-24T21:37:49,2026-08-25T01:26:49,Bengaluru_Tech,12.921466,77.608546,REGISTERED
ACK20260900269,JOB_SCAM,VIC_ACC_0180,+91-9029622050,24461.0,2026-08-08T23:18:16,2026-08-09T03:05:16,Delhi_NCR,28.629412,77.201915,REGISTERED
ACK20260900270,JOB_SCAM,VIC_ACC_0193,+91-9279534151,137440.0,2026-08-22T20:36:51,2026-08-23T00:15:51,Delhi_NCR,28.596196,77.228285,REGISTERED
ACK20260900271,JOB_SCAM,VIC_ACC_0166,+91-8254360933,121856.0,2026-08-09T05:49:04,2026-08-09T11:02:04,Delhi_NCR,28.612579,77.294068,REGISTERED
ACK20260900272,UPI_FRAUD,VIC_ACC_0202,+91-9011894323,61525.0,2026-08-06T20:31:06,2026-08-06T23:28:06,Mumbai_Metro,19.093029,72.825003,REGISTERED
ACK20260900273,UPI_FRAUD,VIC_ACC_0229,+91-9177761181,5113.0,2026-08-01T15:09:41,2026-08-02T02:34:41,Delhi_NCR,28.609093,77.199224,REGISTERED
ACK20260900274,INVESTMENT_SCAM,VIC_ACC_0036,+91-8754057044,113545.0,2026-08-18T07:00:24,2026-08-18T15:43:24,Jamtara_Deoghar,24.149477,86.726174,REGISTERED
ACK20260900275,INVESTMENT_SCAM,VIC_ACC_0149,+91-7625849173,251412.0,2026-08-21T06:11:35,2026-08-21T07:21:35,Mewat_Region,27.998462,76.946201,REGISTERED
ACK20260900276,IMPERSONATION_I4C_POLICE,VIC_ACC_0225,+91-8942941258,8324.0,2026-08-24T06:08:02,2026-08-24T09:55:02,Mewat_Region,27.873076,76.926082,REGISTERED
ACK20260900277,UPI_FRAUD,VIC_ACC_0174,+91-7693695701,58150.0,2026-08-02T10:50:46,2026-08-02T12:03:46,Delhi_NCR,28.538898,77.183605,REGISTERED
ACK20260900278,UPI_FRAUD,VIC_ACC_0073,+91-9298095037,11003.0,2026-08-16T20:01:30,2026-08-17T07:04:30,Mumbai_Metro,19.012008,72.99361,REGISTERED
ACK20260900279,UPI_FRAUD,VIC_ACC_0033,+91-9636036560,33910.0,2026-08-27T03:07:31,2026-08-27T13:46:31,Delhi_NCR,28.57864,77.170108,REGISTERED
ACK20260900280,CUSTOMER_CARE_PHISHING,VIC_ACC_0295,+91-7568353975,10975.0,2026-08-18T04:20:53,2026-08-18T08:28:53,Jamtara_Deoghar,24.193057,86.812185,REGISTERED
ACK20260900281,CUSTOMER_CARE_PHISHING,VIC_ACC_0021,+91-7516912048,54300.0,2026-08-05T03:50:54,2026-08-05T15:07:54,Kolkata_East,22.521137,88.223675,REGISTERED
ACK20260900282,IMPERSONATION_I4C_POLICE,VIC_ACC_0244,+91-8475964005,40513.0,2026-08-23T04:13:09,2026-08-23T15:38:09,Jamtara_Deoghar,24.358289,86.71725,REGISTERED
ACK20260900283,IMPERSONATION_I4C_POLICE,VIC_ACC_0179,+91-7313591123,20401.0,2026-08-14T00:35:15,2026-08-14T04:21:15,Jamtara_Deoghar,24.202068,86.90999,REGISTERED
ACK20260900284,UPI_FRAUD,VIC_ACC_0077,+91-9113057735,10651.0,2026-08-22T15:31:11,2026-08-22T18:44:11,Delhi_NCR,28.579866,77.184499,REGISTERED
ACK20260900285,UPI_FRAUD,VIC_ACC_0015,+91-8899752725,63303.0,2026-08-16T16:07:04,2026-08-16T20:37:04,Jamtara_Deoghar,24.242546,86.779812,REGISTERED
ACK20260900286,UPI_FRAUD,VIC_ACC_0212,+91-8917273492,14637.0,2026-08-28T06:24:57,2026-08-28T10:39:57,Hyderabad_Cyber,17.397699,78.485423,REGISTERED
ACK20260900287,JOB_SCAM,VIC_ACC_0184,+91-7195446779,110729.0,2026-08-09T06:21:08,2026-08-09T07:23:08,Jamtara_Deoghar,24.202262,87.055449,REGISTERED
ACK20260900288,IMPERSONATION_I4C_POLICE,VIC_ACC_0113,+91-8811240107,27273.0,2026-08-29T09:38:10,2026-08-29T21:01:10,Jamtara_Deoghar,24.321458,86.754549,REGISTERED
ACK20260900289,UPI_FRAUD,VIC_ACC_0243,+91-8072466917,37329.0,2026-08-27T14:17:00,2026-08-27T22:05:00,Mumbai_Metro,19.120123,72.845629,REGISTERED
ACK20260900290,IMPERSONATION_I4C_POLICE,VIC_ACC_0214,+91-8740361684,9406.0,2026-08-02T01:30:46,2026-08-02T10:36:46,Hyderabad_Cyber,17.415616,78.479027,REGISTERED
ACK20260900291,UPI_FRAUD,VIC_ACC_0209,+91-7297312087,36334.0,2026-08-31T06:08:22,2026-08-31T11:40:22,Mewat_Region,27.953664,77.074157,REGISTERED
ACK20260900292,IMPERSONATION_I4C_POLICE,VIC_ACC_0208,+91-9055519266,5178.0,2026-08-06T11:40:29,2026-08-06T22:58:29,Kolkata_East,22.546368,88.339146,REGISTERED
ACK20260900293,JOB_SCAM,VIC_ACC_0295,+91-9410917184,101324.0,2026-08-26T06:50:43,2026-08-26T08:42:43,Bengaluru_Tech,13.054101,77.551899,REGISTERED
ACK20260900294,INVESTMENT_SCAM,VIC_ACC_0090,+91-7670828141,421896.0,2026-08-21T17:45:04,2026-08-22T03:49:04,Kolkata_East,22.597622,88.364179,REGISTERED
ACK20260900295,IMPERSONATION_I4C_POLICE,VIC_ACC_0258,+91-8482473730,53865.0,2026-08-22T13:17:03,2026-08-22T14:51:03,Bengaluru_Tech,12.964114,77.634029,REGISTERED
ACK20260900296,JOB_SCAM,VIC_ACC_0273,+91-9271518601,124844.0,2026-08-29T09:28:39,2026-08-29T16:14:39,Mewat_Region,28.12909,77.016125,REGISTERED
ACK20260900297,IMPERSONATION_I4C_POLICE,VIC_ACC_0148,+91-7484875054,19683.0,2026-08-31T02:06:10,2026-08-31T07:18:10,Mewat_Region,28.024371,76.978731,REGISTERED
ACK20260900298,INVESTMENT_SCAM,VIC_ACC_0011,+91-9112454024,487752.0,2026-08-10T06:04:01,2026-08-10T10:31:01,Jamtara_Deoghar,24.192407,86.643578,REGISTERED
ACK20260900299,INVESTMENT_SCAM,VIC_ACC_0156,+91-7851939724,140039.0,2026-08-19T04:57:50,2026-08-19T10:40:50,Kolkata_East,22.634856,88.362802,REGISTERED
ACK20260900300,UPI_FRAUD,VIC_ACC_0086,+91-9750397340,28891.0,2026-08-20T05:45:34,2026-08-20T11:07:34,Mumbai_Metro,19.048866,72.857986,REGISTERED
ACK20260900301,UPI_FRAUD,VIC_ACC_0288,+91-8469480761,24391.0,2026-08-23T01:42:20,2026-08-23T08:04:20,Bengaluru_Tech,13.020286,77.655453,REGISTERED
ACK20260900302,CUSTOMER_CARE_PHISHING,VIC_ACC_0080,+91-9935947988,43739.0,2026-08-01T23:34:32,2026-08-02T05:43:32,Hyderabad_Cyber,17.386518,78.492122,REGISTERED
ACK20260900303,UPI_FRAUD,VIC_ACC_0283,+91-8171122121,33883.0,2026-08-04T09:01:25,2026-08-04T20:03:25,Hyderabad_Cyber,17.366415,78.494746,REGISTERED
ACK20260900304,UPI_FRAUD,VIC_ACC_0229,+91-8041289058,30486.0,2026-08-22T21:05:32,2026-08-23T04:18:32,Hyderabad_Cyber,17.364632,78.517801,REGISTERED
ACK20260900305,JOB_SCAM,VIC_ACC_0219,+91-8009568402,65209.0,2026-08-12T12:23:00,2026-08-12T17:44:00,Bengaluru_Tech,12.931587,77.56749,REGISTERED
ACK20260900306,JOB_SCAM,VIC_ACC_0218,+91-7470637234,98372.0,2026-08-24T13:08:53,2026-08-24T23:39:53,Delhi_NCR,28.648633,77.241038,REGISTERED
ACK20260900307,UPI_FRAUD,VIC_ACC_0193,+91-8821270570,59331.0,2026-08-03T00:26:40,2026-08-03T05:35:40,Mumbai_Metro,19.108284,72.968894,REGISTERED
ACK20260900308,INVESTMENT_SCAM,VIC_ACC_0284,+91-7995874762,487563.0,2026-08-16T01:52:52,2026-08-16T07:31:52,Jamtara_Deoghar,24.227966,86.888048,REGISTERED
ACK20260900309,IMPERSONATION_I4C_POLICE,VIC_ACC_0242,+91-8611894513,59677.0,2026-08-04T20:42:57,2026-08-05T02:06:57,Mumbai_Metro,19.091935,72.886844,REGISTERED
ACK20260900310,INVESTMENT_SCAM,VIC_ACC_0247,+91-9274925674,409615.0,2026-08-19T13:55:16,2026-08-20T01:08:16,Hyderabad_Cyber,17.392839,78.499379,REGISTERED
ACK20260900311,INVESTMENT_SCAM,VIC_ACC_0070,+91-9988756659,269946.0,2026-08-12T05:03:17,2026-08-12T11:42:17,Mewat_Region,27.961411,77.05818,REGISTERED
ACK20260900312,INVESTMENT_SCAM,VIC_ACC_0086,+91-9287057516,192322.0,2026-08-18T10:55:20,2026-08-18T16:33:20,Mewat_Region,27.934429,77.006614,REGISTERED
ACK20260900313,INVESTMENT_SCAM,VIC_ACC_0175,+91-9724934696,313917.0,2026-08-30T05:06:13,2026-08-30T08:14:13,Mumbai_Metro,19.114397,72.800117,REGISTERED
ACK20260900314,UPI_FRAUD,VIC_ACC_0009,+91-8448188335,23220.0,2026-08-16T11:19:44,2026-08-16T18:00:44,Kolkata_East,22.593159,88.407059,REGISTERED
ACK20260900315,UPI_FRAUD,VIC_ACC_0061,+91-7410737504,34697.0,2026-08-08T04:54:44,2026-08-08T07:49:44,Bengaluru_Tech,12.974402,77.641075,REGISTERED
ACK20260900316,UPI_FRAUD,VIC_ACC_0056,+91-9977043162,66483.0,2026-08-02T21:32:37,2026-08-02T23:02:37,Delhi_NCR,28.626627,77.239813,REGISTERED
ACK20260900317,UPI_FRAUD,VIC_ACC_0180,+91-7526175619,50591.0,2026-08-01T02:09:54,2026-08-01T07:23:54,Bengaluru_Tech,12.863471,77.621715,REGISTERED
ACK20260900318,JOB_SCAM,VIC_ACC_0145,+91-8652172221,141140.0,2026-08-06T17:00:46,2026-08-06T19:11:46,Mumbai_Metro,19.118519,72.88874,REGISTERED
ACK20260900319,INVESTMENT_SCAM,VIC_ACC_0264,+91-7361478121,114810.0,2026-08-08T13:07:48,2026-08-08T18:58:48,Hyderabad_Cyber,17.450599,78.516385,REGISTERED
ACK20260900320,UPI_FRAUD,VIC_ACC_0160,+91-8402334744,43088.0,2026-08-22T14:14:35,2026-08-22T21:41:35,Kolkata_East,22.560284,88.248568,REGISTERED
ACK20260900321,INVESTMENT_SCAM,VIC_ACC_0007,+91-9157998672,279668.0,2026-08-22T15:43:06,2026-08-22T22:58:06,Jamtara_Deoghar,24.220188,86.935604,REGISTERED
ACK20260900322,CUSTOMER_CARE_PHISHING,VIC_ACC_0174,+91-8391675419,35522.0,2026-08-07T19:54:25,2026-08-07T22:29:25,Kolkata_East,22.5515,88.257928,REGISTERED
ACK20260900323,INVESTMENT_SCAM,VIC_ACC_0076,+91-7756392361,306555.0,2026-08-25T14:06:07,2026-08-25T18:52:07,Hyderabad_Cyber,17.328747,78.483376,REGISTERED
ACK20260900324,INVESTMENT_SCAM,VIC_ACC_0168,+91-9166278150,448548.0,2026-08-05T09:39:39,2026-08-05T11:47:39,Delhi_NCR,28.604063,77.20933,REGISTERED
ACK20260900325,IMPERSONATION_I4C_POLICE,VIC_ACC_0277,+91-8474951229,20615.0,2026-08-18T00:48:02,2026-08-18T08:38:02,Hyderabad_Cyber,17.397767,78.540318,REGISTERED
ACK20260900326,UPI_FRAUD,VIC_ACC_0221,+91-9211974297,19336.0,2026-08-05T09:45:24,2026-08-05T18:34:24,Jamtara_Deoghar,24.154368,86.784453,REGISTERED
ACK20260900327,INVESTMENT_SCAM,VIC_ACC_0254,+91-8050118050,451851.0,2026-08-19T12:39:43,2026-08-19T19:10:43,Bengaluru_Tech,13.01464,77.595452,REGISTERED
ACK20260900328,JOB_SCAM,VIC_ACC_0195,+91-9166742011,66041.0,2026-08-04T13:22:22,2026-08-04T20:53:22,Delhi_NCR,28.54777,77.119816,REGISTERED
ACK20260900329,UPI_FRAUD,VIC_ACC_0167,+91-7873612674,72470.0,2026-08-02T14:42:55,2026-08-02T22:24:55,Hyderabad_Cyber,17.321752,78.522502,REGISTERED
ACK20260900330,IMPERSONATION_I4C_POLICE,VIC_ACC_0052,+91-9506497475,70898.0,2026-08-23T21:13:21,2026-08-24T06:11:21,Kolkata_East,22.538602,88.380355,REGISTERED
ACK20260900331,INVESTMENT_SCAM,VIC_ACC_0148,+91-9046522053,471843.0,2026-08-09T01:19:36,2026-08-09T08:40:36,Mumbai_Metro,19.065866,72.830315,REGISTERED
ACK20260900332,UPI_FRAUD,VIC_ACC_0040,+91-8769351071,61742.0,2026-08-21T09:32:51,2026-08-21T15:09:51,Mewat_Region,28.088301,77.083311,REGISTERED
ACK20260900333,JOB_SCAM,VIC_ACC_0265,+91-9432071249,106613.0,2026-08-28T05:36:31,2026-08-28T09:44:31,Kolkata_East,22.606594,88.375094,REGISTERED
ACK20260900334,UPI_FRAUD,VIC_ACC_0154,+91-8351444987,31680.0,2026-08-28T13:26:20,2026-08-28T15:01:20,Kolkata_East,22.575401,88.32815,REGISTERED
ACK20260900335,UPI_FRAUD,VIC_ACC_0159,+91-7522145744,9850.0,2026-08-15T15:35:27,2026-08-15T23:17:27,Mumbai_Metro,19.06983,72.787371,REGISTERED
ACK20260900336,INVESTMENT_SCAM,VIC_ACC_0011,+91-9938557636,83335.0,2026-08-02T02:20:38,2026-08-02T07:55:38,Hyderabad_Cyber,17.419218,78.538193,REGISTERED
ACK20260900337,JOB_SCAM,VIC_ACC_0072,+91-8710397060,142281.0,2026-08-08T03:36:47,2026-08-08T12:38:47,Delhi_NCR,28.556605,77.253119,REGISTERED
ACK20260900338,UPI_FRAUD,VIC_ACC_0063,+91-9452240924,56111.0,2026-08-25T10:21:53,2026-08-25T20:49:53,Kolkata_East,22.597947,88.387357,REGISTERED
ACK20260900339,IMPERSONATION_I4C_POLICE,VIC_ACC_0029,+91-8388672240,46482.0,2026-08-16T17:23:44,2026-08-16T19:48:44,Jamtara_Deoghar,24.280179,86.660117,REGISTERED
ACK20260900340,JOB_SCAM,VIC_ACC_0158,+91-9169917166,130293.0,2026-08-01T20:57:38,2026-08-01T22:02:38,Mewat_Region,27.928951,77.106706,REGISTERED
ACK20260900341,JOB_SCAM,VIC_ACC_0063,+91-7837349438,21031.0,2026-08-18T07:54:28,2026-08-18T15:01:28,Hyderabad_Cyber,17.372679,78.517886,REGISTERED
ACK20260900342,IMPERSONATION_I4C_POLICE,VIC_ACC_0083,+91-7111045918,58253.0,2026-08-30T14:40:20,2026-08-31T02:09:20,Kolkata_East,22.504792,88.422139,REGISTERED
ACK20260900343,IMPERSONATION_I4C_POLICE,VIC_ACC_0052,+91-8379188920,13698.0,2026-08-27T05:44:16,2026-08-27T14:52:16,Bengaluru_Tech,13.010194,77.659223,REGISTERED
ACK20260900344,IMPERSONATION_I4C_POLICE,VIC_ACC_0070,+91-7269424526,46120.0,2026-08-01T12:12:40,2026-08-01T17:54:40,Jamtara_Deoghar,24.213022,86.708267,REGISTERED
ACK20260900345,IMPERSONATION_I4C_POLICE,VIC_ACC_0069,+91-7276564328,41935.0,2026-08-09T05:43:37,2026-08-09T11:48:37,Mumbai_Metro,19.055053,72.872439,REGISTERED
ACK20260900346,JOB_SCAM,VIC_ACC_0118,+91-7552916525,111915.0,2026-08-30T02:29:12,2026-08-30T07:27:12,Kolkata_East,22.486018,88.346861,REGISTERED
ACK20260900347,INVESTMENT_SCAM,VIC_ACC_0008,+91-8619225533,483721.0,2026-08-23T16:27:49,2026-08-24T00:41:49,Mewat_Region,28.084465,77.026614,REGISTERED
ACK20260900348,IMPERSONATION_I4C_POLICE,VIC_ACC_0111,+91-8338629129,59831.0,2026-08-27T09:46:43,2026-08-27T13:29:43,Mumbai_Metro,19.10139,72.77983,REGISTERED
ACK20260900349,CUSTOMER_CARE_PHISHING,VIC_ACC_0190,+91-7436452368,6352.0,2026-08-19T21:41:29,2026-08-19T23:38:29,Hyderabad_Cyber,17.410522,78.506734,REGISTERED
ACK20260900350,INVESTMENT_SCAM,VIC_ACC_0027,+91-9628888411,367914.0,2026-08-11T07:30:58,2026-08-11T14:02:58,Mewat_Region,27.909175,76.937717,REGISTERED
ACK20260900351,IMPERSONATION_I4C_POLICE,VIC_ACC_0022,+91-9876671352,69597.0,2026-08-19T05:16:10,2026-08-19T14:21:10,Bengaluru_Tech,12.92869,77.60417,REGISTERED
ACK20260900352,CUSTOMER_CARE_PHISHING,VIC_ACC_0256,+91-9008444571,42083.0,2026-08-28T08:47:23,2026-08-28T16:37:23,Bengaluru_Tech,12.983274,77.630579,REGISTERED
ACK20260900353,UPI_FRAUD,VIC_ACC_0226,+91-8540944108,29004.0,2026-08-02T06:09:03,2026-08-02T10:34:03,Delhi_NCR,28.591565,77.203914,REGISTERED
ACK20260900354,INVESTMENT_SCAM,VIC_ACC_0235,+91-7306636703,114830.0,2026-08-16T03:54:46,2026-08-16T06:55:46,Bengaluru_Tech,12.982235,77.665365,REGISTERED
ACK20260900355,INVESTMENT_SCAM,VIC_ACC_0300,+91-7251742264,144670.0,2026-08-07T18:00:33,2026-08-08T04:14:33,Hyderabad_Cyber,17.395765,78.472972,REGISTERED
ACK20260900356,INVESTMENT_SCAM,VIC_ACC_0055,+91-9319096447,291294.0,2026-08-27T10:09:01,2026-08-27T12:02:01,Kolkata_East,22.571953,88.382645,REGISTERED
ACK20260900357,CUSTOMER_CARE_PHISHING,VIC_ACC_0167,+91-9828716380,21950.0,2026-08-31T23:46:58,2026-09-01T09:58:58,Mumbai_Metro,19.032525,72.846319,REGISTERED
ACK20260900358,UPI_FRAUD,VIC_ACC_0123,+91-9554262742,26356.0,2026-08-31T12:05:01,2026-08-31T16:08:01,Hyderabad_Cyber,17.493638,78.475911,REGISTERED
ACK20260900359,CUSTOMER_CARE_PHISHING,VIC_ACC_0068,+91-8604368385,72194.0,2026-08-12T21:06:53,2026-08-13T03:52:53,Mumbai_Metro,19.101014,72.90867,REGISTERED
ACK20260900360,INVESTMENT_SCAM,VIC_ACC_0219,+91-9122099946,404649.0,2026-08-03T01:32:21,2026-08-03T09:56:21,Mumbai_Metro,19.069508,72.925871,REGISTERED
ACK20260900361,IMPERSONATION_I4C_POLICE,VIC_ACC_0154,+91-8401548729,37591.0,2026-08-05T04:43:57,2026-08-05T10:20:57,Jamtara_Deoghar,24.215203,86.768919,REGISTERED
ACK20260900362,INVESTMENT_SCAM,VIC_ACC_0292,+91-8649612132,92870.0,2026-08-27T08:22:16,2026-08-27T18:51:16,Kolkata_East,22.552922,88.32804,REGISTERED
ACK20260900363,IMPERSONATION_I4C_POLICE,VIC_ACC_0153,+91-9647144743,63975.0,2026-08-11T18:46:29,2026-08-12T06:42:29,Jamtara_Deoghar,24.29295,86.841047,REGISTERED
ACK20260900364,UPI_FRAUD,VIC_ACC_0133,+91-8294125293,7348.0,2026-08-28T21:06:27,2026-08-29T06:43:27,Delhi_NCR,28.634126,77.180496,REGISTERED
ACK20260900365,IMPERSONATION_I4C_POLICE,VIC_ACC_0185,+91-7409827709,44669.0,2026-08-23T21:44:43,2026-08-24T04:58:43,Delhi_NCR,28.63077,77.260367,REGISTERED
ACK20260900366,UPI_FRAUD,VIC_ACC_0124,+91-7986070742,30023.0,2026-08-14T20:54:50,2026-08-15T06:35:50,Delhi_NCR,28.535167,77.130637,REGISTERED
ACK20260900367,INVESTMENT_SCAM,VIC_ACC_0231,+91-8283616674,484871.0,2026-08-19T07:12:18,2026-08-19T17:25:18,Kolkata_East,22.481706,88.374138,REGISTERED
ACK20260900368,INVESTMENT_SCAM,VIC_ACC_0263,+91-7198979246,171585.0,2026-08-19T23:39:59,2026-08-20T08:28:59,Mewat_Region,27.987097,77.005941,REGISTERED
ACK20260900369,UPI_FRAUD,VIC_ACC_0178,+91-7629871504,42750.0,2026-08-15T22:27:01,2026-08-16T01:42:01,Mewat_Region,27.944622,76.932327,REGISTERED
ACK20260900370,UPI_FRAUD,VIC_ACC_0200,+91-8547731237,52219.0,2026-08-31T13:53:43,2026-09-01T01:31:43,Kolkata_East,22.559237,88.394301,REGISTERED
ACK20260900371,INVESTMENT_SCAM,VIC_ACC_0213,+91-7059457026,341939.0,2026-08-31T15:19:15,2026-08-31T19:23:15,Delhi_NCR,28.616777,77.222314,REGISTERED
ACK20260900372,UPI_FRAUD,VIC_ACC_0117,+91-8164016117,49606.0,2026-08-04T17:14:31,2026-08-04T22:08:31,Kolkata_East,22.572982,88.412078,REGISTERED
ACK20260900373,UPI_FRAUD,VIC_ACC_0026,+91-9000789908,18879.0,2026-08-30T14:51:29,2026-08-30T17:14:29,Kolkata_East,22.582664,88.340301,REGISTERED
ACK20260900374,CUSTOMER_CARE_PHISHING,VIC_ACC_0081,+91-9852423014,70325.0,2026-08-24T09:45:28,2026-08-24T18:53:28,Mewat_Region,28.017034,77.098619,REGISTERED
ACK20260900375,IMPERSONATION_I4C_POLICE,VIC_ACC_0004,+91-7871658815,27447.0,2026-08-08T15:21:18,2026-08-09T00:28:18,Delhi_NCR,28.612672,77.124084,REGISTERED
ACK20260900376,UPI_FRAUD,VIC_ACC_0220,+91-8450229082,52418.0,2026-08-14T13:57:29,2026-08-14T23:15:29,Delhi_NCR,28.583843,77.209738,REGISTERED
ACK20260900377,UPI_FRAUD,VIC_ACC_0085,+91-7189492786,24785.0,2026-08-14T01:25:48,2026-08-14T02:32:48,Jamtara_Deoghar,24.282708,86.73063,REGISTERED
ACK20260900378,UPI_FRAUD,VIC_ACC_0177,+91-8323668482,24249.0,2026-08-01T08:57:33,2026-08-01T19:52:33,Mewat_Region,28.052465,76.96485,REGISTERED
ACK20260900379,IMPERSONATION_I4C_POLICE,VIC_ACC_0208,+91-8096061117,9845.0,2026-08-25T06:56:19,2026-08-25T08:52:19,Jamtara_Deoghar,24.284772,86.78901,REGISTERED
ACK20260900380,INVESTMENT_SCAM,VIC_ACC_0160,+91-9917380770,62279.0,2026-08-17T10:48:40,2026-08-17T14:01:40,Delhi_NCR,28.689201,77.145251,REGISTERED
ACK20260900381,IMPERSONATION_I4C_POLICE,VIC_ACC_0133,+91-7976385030,21351.0,2026-08-21T16:22:07,2026-08-21T17:40:07,Hyderabad_Cyber,17.388546,78.494593,REGISTERED
ACK20260900382,IMPERSONATION_I4C_POLICE,VIC_ACC_0294,+91-8074277692,37457.0,2026-08-22T04:45:24,2026-08-22T14:07:24,Delhi_NCR,28.592871,77.215709,REGISTERED
ACK20260900383,UPI_FRAUD,VIC_ACC_0218,+91-8560538152,60690.0,2026-08-27T13:05:05,2026-08-27T14:38:05,Mumbai_Metro,19.006695,72.767483,REGISTERED
ACK20260900384,IMPERSONATION_I4C_POLICE,VIC_ACC_0300,+91-7533628919,59646.0,2026-08-16T20:27:28,2026-08-17T05:18:28,Kolkata_East,22.631886,88.348536,REGISTERED
ACK20260900385,UPI_FRAUD,VIC_ACC_0109,+91-8971363558,53409.0,2026-08-15T15:02:47,2026-08-15T18:12:47,Delhi_NCR,28.663777,77.205363,REGISTERED
ACK20260900386,CUSTOMER_CARE_PHISHING,VIC_ACC_0156,+91-8932065280,23630.0,2026-08-10T15:01:50,2026-08-10T17:57:50,Kolkata_East,22.536984,88.343838,REGISTERED
ACK20260900387,IMPERSONATION_I4C_POLICE,VIC_ACC_0251,+91-8576785112,10856.0,2026-08-01T03:35:22,2026-08-01T05:14:22,Hyderabad_Cyber,17.337424,78.552407,REGISTERED
ACK20260900388,INVESTMENT_SCAM,VIC_ACC_0236,+91-7292691889,431610.0,2026-08-25T14:42:28,2026-08-25T17:44:28,Bengaluru_Tech,12.936461,77.538099,REGISTERED
ACK20260900389,IMPERSONATION_I4C_POLICE,VIC_ACC_0143,+91-9114026224,45481.0,2026-08-21T02:55:10,2026-08-21T03:50:10,Jamtara_Deoghar,24.275966,86.758943,REGISTERED
ACK20260900390,INVESTMENT_SCAM,VIC_ACC_0010,+91-9578036975,59947.0,2026-08-04T21:59:34,2026-08-05T01:33:34,Bengaluru_Tech,12.962879,77.489048,REGISTERED
ACK20260900391,UPI_FRAUD,VIC_ACC_0012,+91-8251743708,74193.0,2026-08-11T13:11:26,2026-08-11T14:05:26,Bengaluru_Tech,12.97083,77.584084,REGISTERED
ACK20260900392,UPI_FRAUD,VIC_ACC_0046,+91-8065933784,12721.0,2026-08-05T09:26:43,2026-08-05T12:49:43,Jamtara_Deoghar,24.300989,86.742123,REGISTERED
ACK20260900393,UPI_FRAUD,VIC_ACC_0062,+91-8666676115,35997.0,2026-08-02T06:15:48,2026-08-02T16:56:48,Hyderabad_Cyber,17.411914,78.510373,REGISTERED
ACK20260900394,INVESTMENT_SCAM,VIC_ACC_0120,+91-7807182706,403945.0,2026-08-30T00:17:35,2026-08-30T10:47:35,Delhi_NCR,28.510145,77.221268,REGISTERED
ACK20260900395,CUSTOMER_CARE_PHISHING,VIC_ACC_0192,+91-8480215477,60542.0,2026-08-18T05:50:15,2026-08-18T15:30:15,Jamtara_Deoghar,24.230567,86.819516,REGISTERED
ACK20260900396,UPI_FRAUD,VIC_ACC_0195,+91-7528980004,41872.0,2026-08-12T20:13:37,2026-08-13T05:25:37,Delhi_NCR,28.5949,77.200378,REGISTERED
ACK20260900397,UPI_FRAUD,VIC_ACC_0259,+91-9319169338,39257.0,2026-08-31T10:56:43,2026-08-31T17:16:43,Kolkata_East,22.564159,88.443651,REGISTERED
ACK20260900398,JOB_SCAM,VIC_ACC_0002,+91-8353882848,108172.0,2026-08-20T15:00:57,2026-08-20T15:39:57,Mumbai_Metro,19.066125,72.846499,REGISTERED
ACK20260900399,IMPERSONATION_I4C_POLICE,VIC_ACC_0228,+91-7580611105,51919.0,2026-08-22T03:22:52,2026-08-22T10:17:52,Hyderabad_Cyber,17.436266,78.509008,REGISTERED
ACK20260900400,JOB_SCAM,VIC_ACC_0184,+91-9352138986,59738.0,2026-08-07T02:52:39,2026-08-07T14:02:39,Kolkata_East,22.51029,88.439649,REGISTERED
ACK20260900401,CUSTOMER_CARE_PHISHING,VIC_ACC_0108,+91-7908884593,19541.0,2026-08-01T06:52:40,2026-08-01T14:07:40,Kolkata_East,22.561367,88.386285,REGISTERED
ACK20260900402,UPI_FRAUD,VIC_ACC_0292,+91-9221613030,30146.0,2026-08-28T07:56:33,2026-08-28T13:06:33,Kolkata_East,22.520324,88.356421,REGISTERED
ACK20260900403,CUSTOMER_CARE_PHISHING,VIC_ACC_0027,+91-9228777933,40918.0,2026-08-28T10:27:54,2026-08-28T17:53:54,Delhi_NCR,28.711033,77.209326,REGISTERED
ACK20260900404,UPI_FRAUD,VIC_ACC_0201,+91-7739365550,8325.0,2026-08-07T10:05:56,2026-08-07T20:20:56,Mewat_Region,28.157511,76.863598,REGISTERED
ACK20260900405,INVESTMENT_SCAM,VIC_ACC_0013,+91-8551841242,179579.0,2026-08-19T20:59:21,2026-08-20T01:45:21,Delhi_NCR,28.593296,77.237251,REGISTERED
ACK20260900406,JOB_SCAM,VIC_ACC_0049,+91-7109259465,147733.0,2026-08-21T14:37:07,2026-08-21T16:34:07,Delhi_NCR,28.593559,77.131367,REGISTERED
ACK20260900407,UPI_FRAUD,VIC_ACC_0227,+91-9220217312,13623.0,2026-08-02T09:39:40,2026-08-02T17:31:40,Delhi_NCR,28.634343,77.209919,REGISTERED
ACK20260900408,INVESTMENT_SCAM,VIC_ACC_0006,+91-7331854514,375169.0,2026-08-15T12:29:50,2026-08-15T20:17:50,Jamtara_Deoghar,24.139781,86.866468,REGISTERED
ACK20260900409,UPI_FRAUD,VIC_ACC_0035,+91-8164565182,71702.0,2026-08-19T06:57:36,2026-08-19T09:36:36,Bengaluru_Tech,13.030965,77.608825,REGISTERED
ACK20260900410,UPI_FRAUD,VIC_ACC_0224,+91-8538550458,24087.0,2026-08-17T20:48:22,2026-08-18T02:36:22,Mumbai_Metro,19.106174,72.816769,REGISTERED
ACK20260900411,INVESTMENT_SCAM,VIC_ACC_0287,+91-9976936379,155052.0,2026-08-28T01:27:22,2026-08-28T05:17:22,Mewat_Region,27.966157,77.019143,REGISTERED
ACK20260900412,INVESTMENT_SCAM,VIC_ACC_0172,+91-9870815530,104970.0,2026-08-20T09:26:21,2026-08-20T12:42:21,Hyderabad_Cyber,17.353153,78.50026,REGISTERED
ACK20260900413,INVESTMENT_SCAM,VIC_ACC_0110,+91-8231736911,473242.0,2026-08-08T15:47:49,2026-08-08T21:56:49,Mewat_Region,27.953245,77.095134,REGISTERED
ACK20260900414,UPI_FRAUD,VIC_ACC_0016,+91-8919157174,30480.0,2026-08-18T03:09:18,2026-08-18T11:09:18,Mewat_Region,28.007237,77.042317,REGISTERED
ACK20260900415,UPI_FRAUD,VIC_ACC_0284,+91-7068798795,39313.0,2026-08-08T05:12:01,2026-08-08T08:42:01,Delhi_NCR,28.519335,77.251845,REGISTERED
ACK20260900416,INVESTMENT_SCAM,VIC_ACC_0191,+91-7214225531,277393.0,2026-08-22T05:33:51,2026-08-22T16:41:51,Mewat_Region,27.890108,77.002345,REGISTERED
ACK20260900417,INVESTMENT_SCAM,VIC_ACC_0192,+91-9018686981,74219.0,2026-08-11T19:27:40,2026-08-12T00:07:40,Kolkata_East,22.577683,88.391952,REGISTERED
ACK20260900418,IMPERSONATION_I4C_POLICE,VIC_ACC_0300,+91-9174190594,66691.0,2026-08-29T15:13:46,2026-08-29T17:06:46,Kolkata_East,22.533955,88.409878,REGISTERED
ACK20260900419,JOB_SCAM,VIC_ACC_0270,+91-8313893637,55171.0,2026-08-23T15:45:31,2026-08-24T00:20:31,Jamtara_Deoghar,24.206496,86.920892,REGISTERED
ACK20260900420,UPI_FRAUD,VIC_ACC_0194,+91-7277727606,38361.0,2026-08-19T05:59:53,2026-08-19T12:52:53,Jamtara_Deoghar,24.172642,86.717902,REGISTERED
ACK20260900421,UPI_FRAUD,VIC_ACC_0231,+91-8252913239,46552.0,2026-08-15T13:26:23,2026-08-15T22:25:23,Bengaluru_Tech,12.98907,77.610772,REGISTERED
ACK20260900422,INVESTMENT_SCAM,VIC_ACC_0041,+91-8180415017,112174.0,2026-08-26T08:59:14,2026-08-26T11:09:14,Delhi_NCR,28.568195,77.229287,REGISTERED
ACK20260900423,JOB_SCAM,VIC_ACC_0071,+91-7981346942,21118.0,2026-08-28T22:47:34,2026-08-29T03:44:34,Kolkata_East,22.548399,88.359987,REGISTERED
ACK20260900424,IMPERSONATION_I4C_POLICE,VIC_ACC_0007,+91-7743537508,57101.0,2026-08-16T20:32:48,2026-08-16T23:34:48,Mumbai_Metro,19.040887,72.828587,REGISTERED
ACK20260900425,UPI_FRAUD,VIC_ACC_0214,+91-7455385695,8945.0,2026-08-07T14:28:54,2026-08-08T00:29:54,Bengaluru_Tech,12.998253,77.613104,REGISTERED
ACK20260900426,JOB_SCAM,VIC_ACC_0182,+91-9262680464,119987.0,2026-08-11T07:26:27,2026-08-11T14:49:27,Kolkata_East,22.614053,88.391723,REGISTERED
ACK20260900427,IMPERSONATION_I4C_POLICE,VIC_ACC_0294,+91-8266234685,13350.0,2026-08-28T12:24:13,2026-08-28T19:34:13,Jamtara_Deoghar,24.168899,86.91379,REGISTERED
ACK20260900428,UPI_FRAUD,VIC_ACC_0251,+91-7763648155,42200.0,2026-08-01T05:12:04,2026-08-01T12:17:04,Mumbai_Metro,19.162504,72.896089,REGISTERED
ACK20260900429,CUSTOMER_CARE_PHISHING,VIC_ACC_0201,+91-7225360986,67685.0,2026-08-06T03:08:34,2026-08-06T10:46:34,Mewat_Region,28.046832,76.891778,REGISTERED
ACK20260900430,JOB_SCAM,VIC_ACC_0244,+91-9348799762,46604.0,2026-08-06T19:36:19,2026-08-07T06:07:19,Jamtara_Deoghar,24.219366,86.723506,REGISTERED
ACK20260900431,UPI_FRAUD,VIC_ACC_0169,+91-7128021941,65646.0,2026-08-30T18:56:31,2026-08-31T03:17:31,Jamtara_Deoghar,24.25946,86.871012,REGISTERED
ACK20260900432,IMPERSONATION_I4C_POLICE,VIC_ACC_0153,+91-7588490967,59401.0,2026-08-13T19:52:51,2026-08-13T23:21:51,Mumbai_Metro,19.128198,72.92206,REGISTERED
ACK20260900433,IMPERSONATION_I4C_POLICE,VIC_ACC_0141,+91-9380738476,13748.0,2026-08-29T20:34:18,2026-08-30T08:26:18,Mewat_Region,27.959802,76.920789,REGISTERED
ACK20260900434,UPI_FRAUD,VIC_ACC_0054,+91-8658215850,38130.0,2026-08-17T10:26:28,2026-08-17T13:44:28,Mumbai_Metro,19.106413,72.881923,REGISTERED
ACK20260900435,INVESTMENT_SCAM,VIC_ACC_0006,+91-9453270849,221500.0,2026-08-09T03:45:58,2026-08-09T06:34:58,Mewat_Region,28.050079,77.061135,REGISTERED
ACK20260900436,UPI_FRAUD,VIC_ACC_0010,+91-7254298000,56229.0,2026-08-20T03:11:18,2026-08-20T05:48:18,Mumbai_Metro,19.113158,72.829631,REGISTERED
ACK20260900437,INVESTMENT_SCAM,VIC_ACC_0227,+91-9347596512,386074.0,2026-08-23T01:53:40,2026-08-23T11:18:40,Mewat_Region,28.000509,76.952457,REGISTERED
ACK20260900438,IMPERSONATION_I4C_POLICE,VIC_ACC_0128,+91-7047754186,60270.0,2026-08-12T07:12:05,2026-08-12T07:58:05,Delhi_NCR,28.625595,77.275564,REGISTERED
ACK20260900439,UPI_FRAUD,VIC_ACC_0263,+91-7678681002,29844.0,2026-08-04T10:20:35,2026-08-04T21:31:35,Jamtara_Deoghar,24.272178,86.768639,REGISTERED
ACK20260900440,JOB_SCAM,VIC_ACC_0007,+91-7912495189,106240.0,2026-08-13T06:29:14,2026-08-13T08:06:14,Kolkata_East,22.625956,88.456766,REGISTERED
ACK20260900441,UPI_FRAUD,VIC_ACC_0275,+91-9281660930,47513.0,2026-08-26T18:10:16,2026-08-26T20:17:16,Mewat_Region,27.872111,77.029423,REGISTERED
ACK20260900442,JOB_SCAM,VIC_ACC_0163,+91-9988786681,22313.0,2026-08-28T21:30:04,2026-08-29T03:43:04,Jamtara_Deoghar,24.31412,86.730525,REGISTERED
ACK20260900443,JOB_SCAM,VIC_ACC_0064,+91-7196328029,101233.0,2026-08-10T07:47:27,2026-08-10T12:26:27,Delhi_NCR,28.560307,77.268319,REGISTERED
ACK20260900444,JOB_SCAM,VIC_ACC_0228,+91-9491915191,104358.0,2026-08-24T10:08:17,2026-08-24T16:03:17,Kolkata_East,22.639188,88.418938,REGISTERED
ACK20260900445,UPI_FRAUD,VIC_ACC_0170,+91-9252339156,37550.0,2026-08-11T07:13:34,2026-08-11T08:38:34,Kolkata_East,22.552754,88.376393,REGISTERED
ACK20260900446,INVESTMENT_SCAM,VIC_ACC_0099,+91-8941981938,98108.0,2026-08-02T20:09:13,2026-08-02T22:47:13,Mumbai_Metro,19.012241,72.881419,REGISTERED
ACK20260900447,UPI_FRAUD,VIC_ACC_0128,+91-9825973068,31398.0,2026-08-10T09:36:28,2026-08-10T20:56:28,Bengaluru_Tech,13.007208,77.63601,REGISTERED
ACK20260900448,INVESTMENT_SCAM,VIC_ACC_0080,+91-7272749351,274079.0,2026-08-27T15:01:48,2026-08-27T22:01:48,Kolkata_East,22.532831,88.332086,REGISTERED
ACK20260900449,INVESTMENT_SCAM,VIC_ACC_0247,+91-7621310547,152611.0,2026-08-03T10:08:45,2026-08-03T18:38:45,Mumbai_Metro,19.085949,72.881029,REGISTERED
ACK20260900450,CUSTOMER_CARE_PHISHING,VIC_ACC_0192,+91-9899915089,14336.0,2026-08-13T15:19:41,2026-08-14T01:51:41,Hyderabad_Cyber,17.392893,78.454191,REGISTERED
ACK20260900451,INVESTMENT_SCAM,VIC_ACC_0131,+91-8206417563,382912.0,2026-08-25T23:22:32,2026-08-26T08:12:32,Mewat_Region,28.058421,76.917325,REGISTERED
ACK20260900452,UPI_FRAUD,VIC_ACC_0186,+91-8983869699,24383.0,2026-08-21T22:43:01,2026-08-22T10:34:01,Bengaluru_Tech,12.997824,77.533139,REGISTERED
ACK20260900453,CUSTOMER_CARE_PHISHING,VIC_ACC_0204,+91-7543365950,29749.0,2026-08-23T18:57:05,2026-08-24T04:17:05,Hyderabad_Cyber,17.400628,78.433641,REGISTERED
ACK20260900454,CUSTOMER_CARE_PHISHING,VIC_ACC_0046,+91-9453437462,23705.0,2026-08-04T20:36:49,2026-08-05T02:58:49,Bengaluru_Tech,12.973351,77.584366,REGISTERED
ACK20260900455,INVESTMENT_SCAM,VIC_ACC_0214,+91-7610727607,142485.0,2026-08-21T09:46:27,2026-08-21T13:10:27,Bengaluru_Tech,13.016574,77.581237,REGISTERED
ACK20260900456,UPI_FRAUD,VIC_ACC_0094,+91-9991691844,62767.0,2026-08-26T06:16:57,2026-08-26T13:44:57,Mewat_Region,28.022791,77.013656,REGISTERED
ACK20260900457,UPI_FRAUD,VIC_ACC_0300,+91-7871810947,6246.0,2026-08-08T15:31:43,2026-08-08T17:44:43,Delhi_NCR,28.69788,77.27531,REGISTERED
ACK20260900458,INVESTMENT_SCAM,VIC_ACC_0137,+91-8102858599,366864.0,2026-08-30T15:30:48,2026-08-30T21:45:48,Hyderabad_Cyber,17.399367,78.509418,REGISTERED
ACK20260900459,UPI_FRAUD,VIC_ACC_0183,+91-9288262665,64889.0,2026-08-28T10:51:06,2026-08-28T11:24:06,Kolkata_East,22.528623,88.323973,REGISTERED
ACK20260900460,JOB_SCAM,VIC_ACC_0244,+91-9662752229,149260.0,2026-08-17T13:42:12,2026-08-17T14:15:12,Mewat_Region,28.116278,77.071791,REGISTERED
ACK20260900461,INVESTMENT_SCAM,VIC_ACC_0042,+91-9292123166,395159.0,2026-08-12T13:59:59,2026-08-12T22:36:59,Kolkata_East,22.576246,88.399549,REGISTERED
ACK20260900462,INVESTMENT_SCAM,VIC_ACC_0045,+91-7379073198,138108.0,2026-08-10T21:35:55,2026-08-11T06:03:55,Hyderabad_Cyber,17.391173,78.555177,REGISTERED
ACK20260900463,CUSTOMER_CARE_PHISHING,VIC_ACC_0015,+91-7844197285,33885.0,2026-08-06T10:57:24,2026-08-06T16:14:24,Mewat_Region,28.077254,77.170199,REGISTERED
ACK20260900464,CUSTOMER_CARE_PHISHING,VIC_ACC_0034,+91-7764639301,62273.0,2026-08-21T10:24:58,2026-08-21T17:24:58,Kolkata_East,22.625734,88.394677,REGISTERED
ACK20260900465,UPI_FRAUD,VIC_ACC_0189,+91-8933580202,45737.0,2026-08-05T10:24:36,2026-08-05T10:55:36,Delhi_NCR,28.584819,77.29153,REGISTERED
ACK20260900466,JOB_SCAM,VIC_ACC_0114,+91-9674348905,61409.0,2026-08-04T12:00:34,2026-08-04T20:21:34,Mumbai_Metro,19.053006,72.792572,REGISTERED
ACK20260900467,UPI_FRAUD,VIC_ACC_0064,+91-7955159375,33272.0,2026-08-09T22:36:30,2026-08-10T09:52:30,Hyderabad_Cyber,17.384446,78.459111,REGISTERED
ACK20260900468,IMPERSONATION_I4C_POLICE,VIC_ACC_0250,+91-8795461417,25865.0,2026-08-24T12:19:52,2026-08-25T00:04:52,Delhi_NCR,28.697863,77.160124,REGISTERED
ACK20260900469,UPI_FRAUD,VIC_ACC_0100,+91-9592886072,47391.0,2026-08-23T17:25:06,2026-08-23T20:09:06,Kolkata_East,22.610538,88.380222,REGISTERED
ACK20260900470,UPI_FRAUD,VIC_ACC_0071,+91-9635735644,32494.0,2026-08-15T22:30:18,2026-08-16T01:28:18,Mumbai_Metro,19.027625,72.82408,REGISTERED
ACK20260900471,UPI_FRAUD,VIC_ACC_0029,+91-9130254366,20380.0,2026-08-04T11:30:11,2026-08-04T12:53:11,Jamtara_Deoghar,24.108614,86.694203,REGISTERED
ACK20260900472,UPI_FRAUD,VIC_ACC_0204,+91-9266897914,54200.0,2026-08-16T09:44:38,2026-08-16T13:10:38,Kolkata_East,22.517614,88.298458,REGISTERED
ACK20260900473,UPI_FRAUD,VIC_ACC_0043,+91-8922985101,34482.0,2026-08-04T15:41:42,2026-08-05T00:52:42,Delhi_NCR,28.62231,77.352292,REGISTERED
ACK20260900474,UPI_FRAUD,VIC_ACC_0167,+91-9663612588,29233.0,2026-08-03T22:58:55,2026-08-04T08:38:55,Hyderabad_Cyber,17.391993,78.493286,REGISTERED
ACK20260900475,INVESTMENT_SCAM,VIC_ACC_0300,+91-9467337192,115058.0,2026-08-18T22:52:50,2026-08-19T10:29:50,Kolkata_East,22.595334,88.319434,REGISTERED
ACK20260900476,UPI_FRAUD,VIC_ACC_0106,+91-7408676341,9588.0,2026-08-21T05:05:35,2026-08-21T09:57:35,Delhi_NCR,28.619281,77.292743,REGISTERED
ACK20260900477,CUSTOMER_CARE_PHISHING,VIC_ACC_0001,+91-8890974283,63316.0,2026-08-08T09:02:33,2026-08-08T14:32:33,Mumbai_Metro,19.065583,72.862893,REGISTERED
ACK20260900478,UPI_FRAUD,VIC_ACC_0019,+91-8809038316,22590.0,2026-08-07T04:19:54,2026-08-07T08:29:54,Jamtara_Deoghar,24.205013,86.752566,REGISTERED
ACK20260900479,CUSTOMER_CARE_PHISHING,VIC_ACC_0205,+91-7667619248,23775.0,2026-08-15T02:16:43,2026-08-15T10:01:43,Jamtara_Deoghar,24.089821,86.649606,REGISTERED
ACK20260900480,INVESTMENT_SCAM,VIC_ACC_0079,+91-7885126334,179760.0,2026-08-11T13:24:01,2026-08-12T00:12:01,Delhi_NCR,28.613921,77.146736,REGISTERED
ACK20260900481,UPI_FRAUD,VIC_ACC_0140,+91-8240723762,54434.0,2026-08-05T07:17:00,2026-08-05T09:27:00,Mumbai_Metro,19.027333,72.881813,REGISTERED
ACK20260900482,IMPERSONATION_I4C_POLICE,VIC_ACC_0283,+91-9463761060,27380.0,2026-08-09T19:06:57,2026-08-09T20:25:57,Bengaluru_Tech,12.98894,77.562357,REGISTERED
ACK20260900483,UPI_FRAUD,VIC_ACC_0005,+91-8241284391,21563.0,2026-08-22T16:45:09,2026-08-23T04:28:09,Mumbai_Metro,19.077835,72.808168,REGISTERED
ACK20260900484,UPI_FRAUD,VIC_ACC_0215,+91-7939846152,66428.0,2026-08-23T14:11:28,2026-08-23T20:43:28,Jamtara_Deoghar,24.37899,86.876678,REGISTERED
ACK20260900485,IMPERSONATION_I4C_POLICE,VIC_ACC_0157,+91-9391941462,15416.0,2026-08-14T10:54:05,2026-08-14T22:13:05,Delhi_NCR,28.631761,77.22768,REGISTERED
ACK20260900486,UPI_FRAUD,VIC_ACC_0218,+91-8687599800,67869.0,2026-08-22T16:59:46,2026-08-22T19:48:46,Hyderabad_Cyber,17.375443,78.543906,REGISTERED
ACK20260900487,JOB_SCAM,VIC_ACC_0218,+91-9697979220,116859.0,2026-08-23T17:47:22,2026-08-23T22:27:22,Mewat_Region,28.089096,76.967074,REGISTERED
ACK20260900488,UPI_FRAUD,VIC_ACC_0188,+91-8242232345,60407.0,2026-08-27T04:32:22,2026-08-27T05:54:22,Hyderabad_Cyber,17.404847,78.488471,REGISTERED
ACK20260900489,UPI_FRAUD,VIC_ACC_0292,+91-9927514643,72571.0,2026-08-13T06:59:19,2026-08-13T18:27:19,Kolkata_East,22.630204,88.340289,REGISTERED
ACK20260900490,INVESTMENT_SCAM,VIC_ACC_0003,+91-8411674493,54647.0,2026-08-12T23:11:25,2026-08-13T05:44:25,Delhi_NCR,28.553694,77.138396,REGISTERED
ACK20260900491,IMPERSONATION_I4C_POLICE,VIC_ACC_0129,+91-9923533878,52775.0,2026-08-08T15:25:23,2026-08-08T21:01:23,Hyderabad_Cyber,17.420883,78.537695,REGISTERED
ACK20260900492,UPI_FRAUD,VIC_ACC_0102,+91-9437653412,56713.0,2026-08-04T06:18:02,2026-08-04T09:04:02,Hyderabad_Cyber,17.395741,78.54722,REGISTERED
ACK20260900493,IMPERSONATION_I4C_POLICE,VIC_ACC_0066,+91-7353412772,22225.0,2026-08-11T12:32:46,2026-08-11T19:40:46,Delhi_NCR,28.647716,77.246875,REGISTERED
ACK20260900494,INVESTMENT_SCAM,VIC_ACC_0005,+91-8405542472,93313.0,2026-08-14T15:18:18,2026-08-15T00:05:18,Kolkata_East,22.624164,88.437157,REGISTERED
ACK20260900495,CUSTOMER_CARE_PHISHING,VIC_ACC_0127,+91-7593734729,70841.0,2026-08-22T13:12:30,2026-08-22T15:27:30,Jamtara_Deoghar,24.240426,86.837055,REGISTERED
ACK20260900496,UPI_FRAUD,VIC_ACC_0075,+91-8334678809,11678.0,2026-08-14T00:39:12,2026-08-14T02:42:12,Hyderabad_Cyber,17.416365,78.499124,REGISTERED
ACK20260900497,INVESTMENT_SCAM,VIC_ACC_0027,+91-8369942370,234037.0,2026-08-10T03:17:23,2026-08-10T08:34:23,Mewat_Region,28.13027,76.984301,REGISTERED
ACK20260900498,INVESTMENT_SCAM,VIC_ACC_0052,+91-7365422699,225260.0,2026-08-14T05:16:31,2026-08-14T11:58:31,Bengaluru_Tech,12.941277,77.567105,REGISTERED
ACK20260900499,INVESTMENT_SCAM,VIC_ACC_0191,+91-9907123941,251352.0,2026-08-08T20:17:13,2026-08-09T06:45:13,Delhi_NCR,28.570328,77.281926,REGISTERED
ACK20260900500,INVESTMENT_SCAM,VIC_ACC_0051,+91-9493636476,430292.0,2026-08-03T17:39:21,2026-08-03T23:17:21,Hyderabad_Cyber,17.422064,78.442758,REGISTERED
ACK20260900501,IMPERSONATION_I4C_POLICE,VIC_ACC_0287,+91-8582164919,62163.0,2026-08-12T11:28:40,2026-08-12T13:58:40,Delhi_NCR,28.557471,77.166037,REGISTERED
ACK20260900502,UPI_FRAUD,VIC_ACC_0067,+91-9243679791,57100.0,2026-08-10T01:36:03,2026-08-10T05:20:03,Hyderabad_Cyber,17.323963,78.511415,REGISTERED
ACK20260900503,UPI_FRAUD,VIC_ACC_0095,+91-8680369695,6161.0,2026-08-01T05:36:13,2026-08-01T16:12:13,Kolkata_East,22.539155,88.391837,REGISTERED
ACK20260900504,INVESTMENT_SCAM,VIC_ACC_0088,+91-7485446406,70494.0,2026-08-08T01:34:15,2026-08-08T07:02:15,Mewat_Region,27.966875,76.99522,REGISTERED
ACK20260900505,UPI_FRAUD,VIC_ACC_0108,+91-7272781994,53380.0,2026-08-18T03:00:41,2026-08-18T09:25:41,Bengaluru_Tech,12.975414,77.584062,REGISTERED
ACK20260900506,UPI_FRAUD,VIC_ACC_0144,+91-9443760067,18951.0,2026-08-06T08:01:34,2026-08-06T19:44:34,Mewat_Region,27.966221,77.046413,REGISTERED
ACK20260900507,UPI_FRAUD,VIC_ACC_0138,+91-7759366872,25400.0,2026-08-07T18:40:51,2026-08-08T01:54:51,Hyderabad_Cyber,17.344333,78.476937,REGISTERED
ACK20260900508,INVESTMENT_SCAM,VIC_ACC_0091,+91-7068950653,389510.0,2026-08-07T18:31:46,2026-08-07T22:05:46,Bengaluru_Tech,12.899118,77.620221,REGISTERED
ACK20260900509,INVESTMENT_SCAM,VIC_ACC_0207,+91-8238260330,366299.0,2026-08-04T23:33:08,2026-08-05T00:15:08,Delhi_NCR,28.632467,77.261367,REGISTERED
ACK20260900510,IMPERSONATION_I4C_POLICE,VIC_ACC_0138,+91-9412154353,18938.0,2026-08-05T20:38:00,2026-08-05T21:17:00,Jamtara_Deoghar,24.347416,86.940382,REGISTERED
ACK20260900511,UPI_FRAUD,VIC_ACC_0137,+91-7972323443,18476.0,2026-08-21T17:07:01,2026-08-21T18:22:01,Jamtara_Deoghar,24.151226,86.922589,REGISTERED
ACK20260900512,UPI_FRAUD,VIC_ACC_0117,+91-9880299707,42597.0,2026-08-14T12:09:22,2026-08-14T23:50:22,Mumbai_Metro,19.066089,72.904603,REGISTERED
ACK20260900513,CUSTOMER_CARE_PHISHING,VIC_ACC_0115,+91-8181221115,48741.0,2026-08-04T09:22:04,2026-08-04T20:22:04,Delhi_NCR,28.585467,77.21493,REGISTERED
ACK20260900514,UPI_FRAUD,VIC_ACC_0155,+91-9168358380,40532.0,2026-08-20T09:22:56,2026-08-20T11:38:56,Hyderabad_Cyber,17.407332,78.480285,REGISTERED
ACK20260900515,IMPERSONATION_I4C_POLICE,VIC_ACC_0077,+91-9363672709,56196.0,2026-08-25T20:09:20,2026-08-25T23:10:20,Hyderabad_Cyber,17.425459,78.540359,REGISTERED
ACK20260900516,INVESTMENT_SCAM,VIC_ACC_0164,+91-9086053707,365486.0,2026-08-16T13:30:44,2026-08-16T21:03:44,Kolkata_East,22.514712,88.381828,REGISTERED
ACK20260900517,INVESTMENT_SCAM,VIC_ACC_0276,+91-8903765291,251655.0,2026-08-18T15:34:34,2026-08-18T19:59:34,Delhi_NCR,28.597813,77.225432,REGISTERED
ACK20260900518,IMPERSONATION_I4C_POLICE,VIC_ACC_0186,+91-8182428264,12808.0,2026-08-18T15:08:58,2026-08-18T17:30:58,Bengaluru_Tech,13.005461,77.614591,REGISTERED
ACK20260900519,UPI_FRAUD,VIC_ACC_0074,+91-9298323894,53717.0,2026-08-13T23:01:44,2026-08-14T06:45:44,Delhi_NCR,28.492481,77.194763,REGISTERED
ACK20260900520,UPI_FRAUD,VIC_ACC_0292,+91-7459179133,66573.0,2026-08-27T13:09:48,2026-08-27T16:45:48,Mewat_Region,28.01088,77.0551,REGISTERED
ACK20260900521,UPI_FRAUD,VIC_ACC_0017,+91-8388199116,56955.0,2026-08-20T05:32:10,2026-08-20T06:13:10,Kolkata_East,22.569051,88.34222,REGISTERED
ACK20260900522,UPI_FRAUD,VIC_ACC_0048,+91-7183438692,57481.0,2026-08-17T12:08:47,2026-08-17T16:14:47,Jamtara_Deoghar,24.243255,86.863934,REGISTERED
ACK20260900523,INVESTMENT_SCAM,VIC_ACC_0161,+91-9632358690,136415.0,2026-08-21T20:25:52,2026-08-22T03:24:52,Delhi_NCR,28.656877,77.178684,REGISTERED
ACK20260900524,UPI_FRAUD,VIC_ACC_0278,+91-8807736440,45516.0,2026-08-04T02:13:38,2026-08-04T02:54:38,Mumbai_Metro,19.13324,72.871935,REGISTERED
ACK20260900525,IMPERSONATION_I4C_POLICE,VIC_ACC_0024,+91-7925362184,51746.0,2026-08-02T10:05:19,2026-08-02T10:43:19,Kolkata_East,22.562719,88.328064,REGISTERED
ACK20260900526,IMPERSONATION_I4C_POLICE,VIC_ACC_0258,+91-9608560084,8104.0,2026-08-04T16:51:49,2026-08-04T19:54:49,Jamtara_Deoghar,24.078308,86.781527,REGISTERED
ACK20260900527,UPI_FRAUD,VIC_ACC_0238,+91-9233095749,33265.0,2026-08-03T20:05:45,2026-08-04T00:32:45,Kolkata_East,22.569635,88.386913,REGISTERED
ACK20260900528,UPI_FRAUD,VIC_ACC_0068,+91-9536899505,10244.0,2026-08-11T09:23:39,2026-08-11T17:14:39,Mewat_Region,27.926925,76.945195,REGISTERED
ACK20260900529,UPI_FRAUD,VIC_ACC_0159,+91-7968631164,46119.0,2026-08-18T02:31:06,2026-08-18T10:46:06,Mumbai_Metro,19.054106,72.886408,REGISTERED
ACK20260900530,INVESTMENT_SCAM,VIC_ACC_0132,+91-8599915189,114994.0,2026-08-25T14:41:59,2026-08-25T17:34:59,Jamtara_Deoghar,24.287195,86.769581,REGISTERED
ACK20260900531,CUSTOMER_CARE_PHISHING,VIC_ACC_0192,+91-7139891345,39449.0,2026-08-03T21:26:32,2026-08-04T05:36:32,Mewat_Region,28.041265,76.871418,REGISTERED
ACK20260900532,UPI_FRAUD,VIC_ACC_0205,+91-8526571405,17255.0,2026-08-28T02:14:24,2026-08-28T10:37:24,Bengaluru_Tech,12.924973,77.595322,REGISTERED
ACK20260900533,UPI_FRAUD,VIC_ACC_0056,+91-7211251587,57628.0,2026-08-30T12:49:27,2026-08-30T16:43:27,Bengaluru_Tech,12.968376,77.561278,REGISTERED
ACK20260900534,CUSTOMER_CARE_PHISHING,VIC_ACC_0075,+91-9649457381,54844.0,2026-08-21T06:20:36,2026-08-21T07:22:36,Delhi_NCR,28.639908,77.287776,REGISTERED
ACK20260900535,JOB_SCAM,VIC_ACC_0043,+91-9333769168,59103.0,2026-08-05T02:17:25,2026-08-05T04:10:25,Kolkata_East,22.591502,88.271372,REGISTERED
ACK20260900536,INVESTMENT_SCAM,VIC_ACC_0153,+91-9257131061,299298.0,2026-08-06T06:22:26,2026-08-06T15:05:26,Jamtara_Deoghar,24.352916,86.79402,REGISTERED
ACK20260900537,JOB_SCAM,VIC_ACC_0075,+91-9937670117,21859.0,2026-08-11T21:52:46,2026-08-12T03:46:46,Mumbai_Metro,19.12167,72.860108,REGISTERED
ACK20260900538,JOB_SCAM,VIC_ACC_0135,+91-9093685809,103138.0,2026-08-17T23:00:28,2026-08-18T01:38:28,Hyderabad_Cyber,17.365338,78.500498,REGISTERED
ACK20260900539,UPI_FRAUD,VIC_ACC_0108,+91-8192012122,53530.0,2026-08-31T06:43:36,2026-08-31T07:27:36,Kolkata_East,22.679101,88.356266,REGISTERED
ACK20260900540,INVESTMENT_SCAM,VIC_ACC_0278,+91-8403758905,142177.0,2026-08-14T16:48:21,2026-08-14T19:14:21,Hyderabad_Cyber,17.349307,78.502784,REGISTERED
ACK20260900541,JOB_SCAM,VIC_ACC_0051,+91-7339775064,100774.0,2026-08-03T03:05:41,2026-08-03T03:51:41,Hyderabad_Cyber,17.360685,78.465135,REGISTERED
ACK20260900542,IMPERSONATION_I4C_POLICE,VIC_ACC_0109,+91-8538726310,30632.0,2026-08-08T14:35:24,2026-08-08T17:02:24,Kolkata_East,22.57584,88.385264,REGISTERED
ACK20260900543,JOB_SCAM,VIC_ACC_0203,+91-9882296334,57172.0,2026-08-01T11:50:14,2026-08-01T20:59:14,Bengaluru_Tech,12.942883,77.585379,REGISTERED
ACK20260900544,UPI_FRAUD,VIC_ACC_0213,+91-9428988636,73021.0,2026-08-02T00:01:09,2026-08-02T06:54:09,Kolkata_East,22.59756,88.316964,REGISTERED
ACK20260900545,JOB_SCAM,VIC_ACC_0027,+91-7569262837,71172.0,2026-08-26T18:27:08,2026-08-27T05:48:08,Mewat_Region,27.939622,76.936159,REGISTERED
ACK20260900546,JOB_SCAM,VIC_ACC_0201,+91-7667622223,40847.0,2026-08-27T20:58:16,2026-08-28T06:54:16,Bengaluru_Tech,13.025761,77.622156,REGISTERED
ACK20260900547,UPI_FRAUD,VIC_ACC_0067,+91-9138139065,29452.0,2026-08-15T20:40:49,2026-08-16T03:16:49,Mumbai_Metro,19.074509,72.834035,REGISTERED
ACK20260900548,CUSTOMER_CARE_PHISHING,VIC_ACC_0012,+91-7402024034,65178.0,2026-08-21T18:55:06,2026-08-21T21:18:06,Jamtara_Deoghar,24.211134,86.871199,REGISTERED
ACK20260900549,UPI_FRAUD,VIC_ACC_0052,+91-9252265038,15002.0,2026-08-16T00:26:04,2026-08-16T09:14:04,Mumbai_Metro,18.94412,72.853713,REGISTERED
ACK20260900550,JOB_SCAM,VIC_ACC_0017,+91-7016430760,98642.0,2026-08-04T10:22:30,2026-08-04T21:20:30,Jamtara_Deoghar,24.168751,86.7112,REGISTERED
ACK20260900551,IMPERSONATION_I4C_POLICE,VIC_ACC_0111,+91-7454038804,8866.0,2026-08-28T11:07:57,2026-08-28T15:19:57,Bengaluru_Tech,12.991931,77.75165,REGISTERED
ACK20260900552,UPI_FRAUD,VIC_ACC_0283,+91-8310535304,62155.0,2026-08-21T09:29:47,2026-08-21T18:26:47,Jamtara_Deoghar,24.312671,86.782508,REGISTERED
ACK20260900553,UPI_FRAUD,VIC_ACC_0250,+91-7352489599,46779.0,2026-08-14T14:27:38,2026-08-14T19:35:38,Jamtara_Deoghar,24.171113,86.826361,REGISTERED
ACK20260900554,IMPERSONATION_I4C_POLICE,VIC_ACC_0262,+91-8305113924,74533.0,2026-08-09T18:26:18,2026-08-10T05:14:18,Bengaluru_Tech,13.020449,77.575114,REGISTERED
ACK20260900555,INVESTMENT_SCAM,VIC_ACC_0038,+91-7400711262,458690.0,2026-08-07T21:23:23,2026-08-08T00:21:23,Bengaluru_Tech,12.942362,77.624917,REGISTERED
ACK20260900556,INVESTMENT_SCAM,VIC_ACC_0198,+91-7911189679,103959.0,2026-08-10T19:13:33,2026-08-10T23:25:33,Jamtara_Deoghar,24.165501,86.786702,REGISTERED
ACK20260900557,UPI_FRAUD,VIC_ACC_0253,+91-7560788830,21265.0,2026-08-16T01:17:26,2026-08-16T03:49:26,Hyderabad_Cyber,17.356247,78.5165,REGISTERED
ACK20260900558,UPI_FRAUD,VIC_ACC_0207,+91-7053319103,49222.0,2026-08-02T17:58:33,2026-08-02T19:08:33,Mewat_Region,28.050041,76.89472,REGISTERED
ACK20260900559,UPI_FRAUD,VIC_ACC_0178,+91-7154261554,69725.0,2026-08-13T02:35:49,2026-08-13T08:25:49,Jamtara_Deoghar,24.145561,86.876424,REGISTERED
ACK20260900560,CUSTOMER_CARE_PHISHING,VIC_ACC_0063,+91-9704811362,34362.0,2026-08-27T11:39:06,2026-08-27T12:38:06,Delhi_NCR,28.561661,77.14759,REGISTERED
ACK20260900561,UPI_FRAUD,VIC_ACC_0189,+91-7141124523,39037.0,2026-08-27T17:00:59,2026-08-27T18:23:59,Kolkata_East,22.620435,88.341508,REGISTERED
ACK20260900562,INVESTMENT_SCAM,VIC_ACC_0062,+91-9087068560,495725.0,2026-08-05T10:55:09,2026-08-05T21:23:09,Hyderabad_Cyber,17.341184,78.498636,REGISTERED
ACK20260900563,JOB_SCAM,VIC_ACC_0116,+91-9737941768,66269.0,2026-08-03T08:49:18,2026-08-03T10:43:18,Jamtara_Deoghar,24.201748,86.669562,REGISTERED
ACK20260900564,UPI_FRAUD,VIC_ACC_0111,+91-9667387401,49623.0,2026-08-15T12:12:31,2026-08-15T14:29:31,Mumbai_Metro,19.11753,72.8857,REGISTERED
ACK20260900565,JOB_SCAM,VIC_ACC_0259,+91-9843791327,70538.0,2026-08-04T04:14:58,2026-08-04T10:56:58,Hyderabad_Cyber,17.422288,78.477238,REGISTERED
ACK20260900566,CUSTOMER_CARE_PHISHING,VIC_ACC_0296,+91-7054370404,19444.0,2026-08-21T03:09:29,2026-08-21T05:28:29,Mumbai_Metro,19.022988,72.922051,REGISTERED
ACK20260900567,UPI_FRAUD,VIC_ACC_0221,+91-7174167847,71574.0,2026-08-07T04:25:32,2026-08-07T12:16:32,Bengaluru_Tech,13.020523,77.584246,REGISTERED
ACK20260900568,INVESTMENT_SCAM,VIC_ACC_0272,+91-9117942629,407124.0,2026-08-20T15:33:27,2026-08-20T17:54:27,Delhi_NCR,28.610892,77.12017,REGISTERED
ACK20260900569,IMPERSONATION_I4C_POLICE,VIC_ACC_0208,+91-7560436683,69903.0,2026-08-13T12:06:14,2026-08-13T17:10:14,Mumbai_Metro,19.119745,72.882776,REGISTERED
ACK20260900570,JOB_SCAM,VIC_ACC_0157,+91-7546034555,109318.0,2026-08-28T22:15:10,2026-08-29T04:07:10,Delhi_NCR,28.705552,77.247875,REGISTERED
ACK20260900571,UPI_FRAUD,VIC_ACC_0040,+91-8910810131,51156.0,2026-08-06T21:48:54,2026-08-06T22:27:54,Hyderabad_Cyber,17.380092,78.490435,REGISTERED
ACK20260900572,INVESTMENT_SCAM,VIC_ACC_0086,+91-9412353997,209699.0,2026-08-25T04:49:06,2026-08-25T07:01:06,Kolkata_East,22.579748,88.331287,REGISTERED
ACK20260900573,UPI_FRAUD,VIC_ACC_0181,+91-7884599887,68485.0,2026-08-10T22:21:57,2026-08-11T07:41:57,Delhi_NCR,28.568208,77.212719,REGISTERED
ACK20260900574,UPI_FRAUD,VIC_ACC_0296,+91-8237993720,16701.0,2026-08-24T22:27:23,2026-08-25T02:28:23,Mumbai_Metro,19.072833,72.899331,REGISTERED
ACK20260900575,INVESTMENT_SCAM,VIC_ACC_0270,+91-8930564695,223641.0,2026-08-06T08:58:43,2026-08-06T15:25:43,Hyderabad_Cyber,17.407262,78.433281,REGISTERED
ACK20260900576,INVESTMENT_SCAM,VIC_ACC_0178,+91-7492278575,294484.0,2026-08-10T03:00:31,2026-08-10T06:00:31,Mewat_Region,28.030929,77.031204,REGISTERED
ACK20260900577,UPI_FRAUD,VIC_ACC_0021,+91-8002110667,11972.0,2026-08-07T09:52:37,2026-08-07T12:28:37,Hyderabad_Cyber,17.361656,78.528235,REGISTERED
ACK20260900578,IMPERSONATION_I4C_POLICE,VIC_ACC_0258,+91-7644666629,23696.0,2026-08-22T17:09:05,2026-08-22T22:16:05,Mewat_Region,28.088835,76.995344,REGISTERED
ACK20260900579,JOB_SCAM,VIC_ACC_0198,+91-8956350728,140611.0,2026-08-14T12:57:06,2026-08-14T17:54:06,Bengaluru_Tech,12.955143,77.640756,REGISTERED
ACK20260900580,INVESTMENT_SCAM,VIC_ACC_0103,+91-8788534034,379420.0,2026-08-10T09:05:19,2026-08-10T19:15:19,Hyderabad_Cyber,17.398443,78.564987,REGISTERED
ACK20260900581,INVESTMENT_SCAM,VIC_ACC_0161,+91-8528765116,235699.0,2026-08-17T21:45:22,2026-08-18T06:14:22,Hyderabad_Cyber,17.40314,78.447408,REGISTERED
ACK20260900582,UPI_FRAUD,VIC_ACC_0125,+91-9475061466,43449.0,2026-08-19T16:23:08,2026-08-20T03:28:08,Delhi_NCR,28.60743,77.175085,REGISTERED
ACK20260900583,UPI_FRAUD,VIC_ACC_0055,+91-8085617977,68106.0,2026-08-11T19:06:52,2026-08-12T00:33:52,Mewat_Region,27.95777,77.016144,REGISTERED
ACK20260900584,JOB_SCAM,VIC_ACC_0254,+91-7985992344,131706.0,2026-08-05T07:57:43,2026-08-05T19:22:43,Mumbai_Metro,19.095358,72.898226,REGISTERED
ACK20260900585,JOB_SCAM,VIC_ACC_0103,+91-8703322696,135330.0,2026-08-04T02:00:09,2026-08-04T12:48:09,Delhi_NCR,28.60005,77.17138,REGISTERED
ACK20260900586,UPI_FRAUD,VIC_ACC_0248,+91-9007899302,39114.0,2026-08-06T07:53:54,2026-08-06T17:42:54,Kolkata_East,22.564655,88.33129,REGISTERED
ACK20260900587,IMPERSONATION_I4C_POLICE,VIC_ACC_0124,+91-8574348015,31260.0,2026-08-06T16:47:44,2026-08-07T02:36:44,Hyderabad_Cyber,17.381265,78.465527,REGISTERED
ACK20260900588,IMPERSONATION_I4C_POLICE,VIC_ACC_0238,+91-8848861043,64910.0,2026-08-14T13:09:01,2026-08-14T18:29:01,Delhi_NCR,28.614584,77.133335,REGISTERED
ACK20260900589,INVESTMENT_SCAM,VIC_ACC_0235,+91-8648937627,498706.0,2026-08-09T00:10:22,2026-08-09T09:12:22,Kolkata_East,22.511672,88.445621,REGISTERED
ACK20260900590,JOB_SCAM,VIC_ACC_0174,+91-9498996303,56482.0,2026-08-15T22:54:50,2026-08-16T01:47:50,Kolkata_East,22.650666,88.339774,REGISTERED
ACK20260900591,CUSTOMER_CARE_PHISHING,VIC_ACC_0270,+91-9023362923,50625.0,2026-08-09T04:44:20,2026-08-09T15:16:20,Jamtara_Deoghar,24.312743,86.811229,REGISTERED
ACK20260900592,JOB_SCAM,VIC_ACC_0166,+91-9386060342,33819.0,2026-08-25T07:49:51,2026-08-25T12:21:51,Mumbai_Metro,19.107424,72.854983,REGISTERED
ACK20260900593,INVESTMENT_SCAM,VIC_ACC_0016,+91-9088685206,247986.0,2026-08-30T05:20:06,2026-08-30T13:30:06,Mumbai_Metro,18.988737,72.914166,REGISTERED
ACK20260900594,UPI_FRAUD,VIC_ACC_0271,+91-7108928423,17609.0,2026-08-26T06:05:37,2026-08-26T06:59:37,Mumbai_Metro,19.138785,72.821117,REGISTERED
ACK20260900595,IMPERSONATION_I4C_POLICE,VIC_ACC_0293,+91-7220067524,23071.0,2026-08-27T15:32:22,2026-08-27T22:07:22,Kolkata_East,22.538669,88.404967,REGISTERED
ACK20260900596,UPI_FRAUD,VIC_ACC_0119,+91-7949942949,34362.0,2026-08-02T19:34:21,2026-08-02T20:27:21,Kolkata_East,22.634153,88.416112,REGISTERED
ACK20260900597,CUSTOMER_CARE_PHISHING,VIC_ACC_0257,+91-8543344478,19532.0,2026-08-10T12:39:03,2026-08-10T22:28:03,Jamtara_Deoghar,24.252748,86.650415,REGISTERED
ACK20260900598,INVESTMENT_SCAM,VIC_ACC_0169,+91-7238983905,173531.0,2026-08-30T21:58:56,2026-08-30T23:31:56,Hyderabad_Cyber,17.444844,78.46766,REGISTERED
ACK20260900599,UPI_FRAUD,VIC_ACC_0214,+91-7886415471,67753.0,2026-08-20T23:39:59,2026-08-21T01:31:59,Mumbai_Metro,19.126338,72.95716,REGISTERED
ACK20260900600,IMPERSONATION_I4C_POLICE,VIC_ACC_0117,+91-9240012371,54727.0,2026-08-01T01:01:49,2026-08-01T04:51:49,Mewat_Region,27.957239,76.992352,REGISTERED
